"source_root","relative_path","filename","extension","size_bytes","size_mb","parent_folder","category","website_priority","inspection_required","last_modified","notes"
"D:\7Z-Magic\Projects\SCMC - Ras AlKhaima - UAE\Media & Resources","20 years anniversary\pics\DSC08007.JPG","DSC08007.JPG",".jpg","8284523","7.901","D:\7Z-Magic\Projects\SCMC - Ras AlKhaima - UAE\Media & Resources\20 years anniversary\pics","CAMPAIGN","A","YES","2021-02-08 11:28:04",""
"D:\7Z-Magic\Projects\SCMC - Ras AlKhaima - UAE\Media & Resources","20 years anniversary\pics\DSC08017.JPG","DSC08017.JPG",".jpg","7062798","6.736","D:\7Z-Magic\Projects\SCMC - Ras AlKhaima - UAE\Media & Resources\20 years anniversary\pics","CAMPAIGN","A","YES","2021-02-08 11:28:56",""
"D:\7Z-Magic\Projects\SCMC - Ras AlKhaima - UAE\Media & Resources","20 years anniversary\pics\DSC08020.JPG","DSC08020.JPG",".jpg","8325082","7.939","D:\7Z-Magic\Projects\SCMC - Ras AlKhaima - UAE\Media & Resources\20 years anniversary\pics","CAMPAIGN","A","YES","2021-02-08 11:29:20",""
"D:\7Z-Magic\Projects\SCMC - Ras AlKhaima - UAE\Media & Resources","20 years anniversary\pics\DSC08023.JPG","DSC08023.JPG",".jpg","8449228","8.058","D:\7Z-Magic\Projects\SCMC - Ras AlKhaima - UAE\Media & Resources\20 years anniversary\pics","CAMPAIGN","A","YES","2021-02-08 11:29:52",""
"D:\7Z-Magic\Projects\SCMC - Ras AlKhaima - UAE\Media & Resources","20 years anniversary\pics\DSC08025.JPG","DSC08025.JPG",".jpg","8392267","8.003","D:\7Z-Magic\Projects\SCMC - Ras AlKhaima - UAE\Media & Resources\20 years anniversary\pics","CAMPAIGN","A","YES","2021-02-08 11:29:56",""
"D:\7Z-Magic\Projects\SCMC - Ras AlKhaima - UAE\Media & Resources","20 years anniversary\pics\DSC08029.JPG","DSC08029.JPG",".jpg","7547785","7.198","D:\7Z-Magic\Projects\SCMC - Ras AlKhaima - UAE\Media & Resources\20 years anniversary\pics","CAMPAIGN","A","YES","2021-02-08 11:30:08",""
"D:\7Z-Magic\Projects\SCMC - Ras AlKhaima - UAE\Media & Resources","20 years anniversary\pics\DSC08032.JPG","DSC08032.JPG",".jpg","7946148","7.578","D:\7Z-Magic\Projects\SCMC - Ras AlKhaima - UAE\Media & Resources\20 years anniversary\pics","CAMPAIGN","A","YES","2021-02-08 11:30:24",""
"D:\7Z-Magic\Projects\SCMC - Ras AlKhaima - UAE\Media & Resources","20 years anniversary\pics\DSC08037.JPG","DSC08037.JPG",".jpg","6213890","5.926","D:\7Z-Magic\Projects\SCMC - Ras AlKhaima - UAE\Media & Resources\20 years anniversary\pics","CAMPAIGN","A","YES","2021-02-08 11:31:00",""
"D:\7Z-Magic\Projects\SCMC - Ras AlKhaima - UAE\Media & Resources","20 years anniversary\pics\DSC08038.JPG","DSC08038.JPG",".jpg","7081070","6.753","D:\7Z-Magic\Projects\SCMC - Ras AlKhaima - UAE\Media & Resources\20 years anniversary\pics","CAMPAIGN","A","YES","2021-02-08 11:31:02",""
"D:\7Z-Magic\Projects\SCMC - Ras AlKhaima - UAE\Media & Resources","20 years anniversary\pics\DSC08040.JPG","DSC08040.JPG",".jpg","6462421","6.163","D:\7Z-Magic\Projects\SCMC - Ras AlKhaima - UAE\Media & Resources\20 years anniversary\pics","CAMPAIGN","A","YES","2021-02-08 11:31:10",""
"D:\7Z-Magic\Projects\SCMC - Ras AlKhaima - UAE\Media & Resources","20 years anniversary\pics\DSC08044.JPG","DSC08044.JPG",".jpg","8210282","7.83","D:\7Z-Magic\Projects\SCMC - Ras AlKhaima - UAE\Media & Resources\20 years anniversary\pics","CAMPAIGN","A","YES","2021-02-08 11:31:34",""
"D:\7Z-Magic\Projects\SCMC - Ras AlKhaima - UAE\Media & Resources","20 years anniversary\pics\DSC08052.JPG","DSC08052.JPG",".jpg","6976866","6.654","D:\7Z-Magic\Projects\SCMC - Ras AlKhaima - UAE\Media & Resources\20 years anniversary\pics","CAMPAIGN","A","YES","2021-02-08 11:32:40",""
"D:\7Z-Magic\Projects\SCMC - Ras AlKhaima - UAE\Media & Resources","20 years anniversary\pics\DSC08057.JPG","DSC08057.JPG",".jpg","6652361","6.344","D:\7Z-Magic\Projects\SCMC - Ras AlKhaima - UAE\Media & Resources\20 years anniversary\pics","CAMPAIGN","A","YES","2021-02-08 11:33:06",""
"D:\7Z-Magic\Projects\SCMC - Ras AlKhaima - UAE\Media & Resources","20 years anniversary\pics\DSC08063.JPG","DSC08063.JPG",".jpg","7420180","7.076","D:\7Z-Magic\Projects\SCMC - Ras AlKhaima - UAE\Media & Resources\20 years anniversary\pics","CAMPAIGN","A","YES","2021-02-08 11:33:58",""
"D:\7Z-Magic\Projects\SCMC - Ras AlKhaima - UAE\Media & Resources","20 years anniversary\pics\DSC08068.JPG","DSC08068.JPG",".jpg","6918480","6.598","D:\7Z-Magic\Projects\SCMC - Ras AlKhaima - UAE\Media & Resources\20 years anniversary\pics","CAMPAIGN","A","YES","2021-02-08 11:34:32",""
"D:\7Z-Magic\Projects\SCMC - Ras AlKhaima - UAE\Media & Resources","20 years anniversary\pics\DSC08075.JPG","DSC08075.JPG",".jpg","6547199","6.244","D:\7Z-Magic\Projects\SCMC - Ras AlKhaima - UAE\Media & Resources\20 years anniversary\pics","CAMPAIGN","A","YES","2021-02-08 11:35:10",""
"D:\7Z-Magic\Projects\SCMC - Ras AlKhaima - UAE\Media & Resources","20 years anniversary\pics\Old place\Copy of DSC_0267.JPG","Copy of DSC_0267.JPG",".jpg","7643121","7.289","D:\7Z-Magic\Projects\SCMC - Ras AlKhaima - UAE\Media & Resources\20 years anniversary\pics\Old place","CAMPAIGN","A","YES","2024-09-07 03:03:32",""
"D:\7Z-Magic\Projects\SCMC - Ras AlKhaima - UAE\Media & Resources","20 years anniversary\pics\Old place\Copy of DSC_0282.JPG","Copy of DSC_0282.JPG",".jpg","4235876","4.04","D:\7Z-Magic\Projects\SCMC - Ras AlKhaima - UAE\Media & Resources\20 years anniversary\pics\Old place","CAMPAIGN","A","YES","2024-09-07 03:03:32",""
"D:\7Z-Magic\Projects\SCMC - Ras AlKhaima - UAE\Media & Resources","20 years anniversary\pics\Old place\Copy of DSC_0725.jpg","Copy of DSC_0725.jpg",".jpg","3467770","3.307","D:\7Z-Magic\Projects\SCMC - Ras AlKhaima - UAE\Media & Resources\20 years anniversary\pics\Old place","CAMPAIGN","A","YES","2024-09-07 03:03:32",""
"D:\7Z-Magic\Projects\SCMC - Ras AlKhaima - UAE\Media & Resources","20 years anniversary\pics\Old place\Copy of DSC_0977.jpg","Copy of DSC_0977.jpg",".jpg","823659","0.786","D:\7Z-Magic\Projects\SCMC - Ras AlKhaima - UAE\Media & Resources\20 years anniversary\pics\Old place","CAMPAIGN","A","YES","2024-09-07 03:03:40",""
"D:\7Z-Magic\Projects\SCMC - Ras AlKhaima - UAE\Media & Resources","20 years anniversary\pics\Old place\Copy of DSC_0981.jpg","Copy of DSC_0981.jpg",".jpg","3220051","3.071","D:\7Z-Magic\Projects\SCMC - Ras AlKhaima - UAE\Media & Resources\20 years anniversary\pics\Old place","CAMPAIGN","A","YES","2024-09-07 03:03:40",""
"D:\7Z-Magic\Projects\SCMC - Ras AlKhaima - UAE\Media & Resources","20 years anniversary\pics\Old place\Copy of DSC_1019-2.jpg","Copy of DSC_1019-2.jpg",".jpg","4982959","4.752","D:\7Z-Magic\Projects\SCMC - Ras AlKhaima - UAE\Media & Resources\20 years anniversary\pics\Old place","CAMPAIGN","A","YES","2024-09-07 03:03:40",""
"D:\7Z-Magic\Projects\SCMC - Ras AlKhaima - UAE\Media & Resources","20 years anniversary\pics\Old place\Copy of DSC_1047-2.jpg","Copy of DSC_1047-2.jpg",".jpg","2798853","2.669","D:\7Z-Magic\Projects\SCMC - Ras AlKhaima - UAE\Media & Resources\20 years anniversary\pics\Old place","CAMPAIGN","A","YES","2024-09-07 03:03:40",""
"D:\7Z-Magic\Projects\SCMC - Ras AlKhaima - UAE\Media & Resources","20 years anniversary\pics\Old place\Copy of DSC_1122-2.jpg","Copy of DSC_1122-2.jpg",".jpg","2491770","2.376","D:\7Z-Magic\Projects\SCMC - Ras AlKhaima - UAE\Media & Resources\20 years anniversary\pics\Old place","CAMPAIGN","A","YES","2024-09-07 03:03:32",""
"D:\7Z-Magic\Projects\SCMC - Ras AlKhaima - UAE\Media & Resources","20 years anniversary\pics\Old place\Copy of DSC_1126-2.jpg","Copy of DSC_1126-2.jpg",".jpg","2912968","2.778","D:\7Z-Magic\Projects\SCMC - Ras AlKhaima - UAE\Media & Resources\20 years anniversary\pics\Old place","CAMPAIGN","A","YES","2024-09-07 03:03:32",""
"D:\7Z-Magic\Projects\SCMC - Ras AlKhaima - UAE\Media & Resources","20 years anniversary\pics\Old place\Copy of DSC_1130-2.jpg","Copy of DSC_1130-2.jpg",".jpg","4897536","4.671","D:\7Z-Magic\Projects\SCMC - Ras AlKhaima - UAE\Media & Resources\20 years anniversary\pics\Old place","CAMPAIGN","A","YES","2024-09-07 03:03:32",""
"D:\7Z-Magic\Projects\SCMC - Ras AlKhaima - UAE\Media & Resources","20 years anniversary\pics\Old place\Copy of DSC_1137-2.jpg","Copy of DSC_1137-2.jpg",".jpg","3857751","3.679","D:\7Z-Magic\Projects\SCMC - Ras AlKhaima - UAE\Media & Resources\20 years anniversary\pics\Old place","CAMPAIGN","A","YES","2024-09-07 03:03:40",""
"D:\7Z-Magic\Projects\SCMC - Ras AlKhaima - UAE\Media & Resources","20 years anniversary\pics\Old place\Copy of DSC_1142-2.jpg","Copy of DSC_1142-2.jpg",".jpg","2608798","2.488","D:\7Z-Magic\Projects\SCMC - Ras AlKhaima - UAE\Media & Resources\20 years anniversary\pics\Old place","CAMPAIGN","A","YES","2024-09-07 03:03:40",""
"D:\7Z-Magic\Projects\SCMC - Ras AlKhaima - UAE\Media & Resources","20 years anniversary\pics\Old place\Copy of DSC_1144-2.jpg","Copy of DSC_1144-2.jpg",".jpg","2216619","2.114","D:\7Z-Magic\Projects\SCMC - Ras AlKhaima - UAE\Media & Resources\20 years anniversary\pics\Old place","CAMPAIGN","A","YES","2024-09-07 03:03:32",""
"D:\7Z-Magic\Projects\SCMC - Ras AlKhaima - UAE\Media & Resources","20 years anniversary\pics\Old place\Copy of fgfg.jpg","Copy of fgfg.jpg",".jpg","4072571","3.884","D:\7Z-Magic\Projects\SCMC - Ras AlKhaima - UAE\Media & Resources\20 years anniversary\pics\Old place","CAMPAIGN","A","YES","2024-09-07 03:03:32",""
"D:\7Z-Magic\Projects\SCMC - Ras AlKhaima - UAE\Media & Resources","20 years anniversary\pics\Smile care\3E0D56CA-3B98-470A-903E-582252FD1B6F.jpg","3E0D56CA-3B98-470A-903E-582252FD1B6F.jpg",".jpg","782314","0.746","D:\7Z-Magic\Projects\SCMC - Ras AlKhaima - UAE\Media & Resources\20 years anniversary\pics\Smile care","CAMPAIGN","A","YES","2026-01-28 23:51:58",""
"D:\7Z-Magic\Projects\SCMC - Ras AlKhaima - UAE\Media & Resources","20 years anniversary\pics\Smile care\7AA9814F-767E-450E-AE3A-2A3FE30F8D23.jpg","7AA9814F-767E-450E-AE3A-2A3FE30F8D23.jpg",".jpg","916200","0.874","D:\7Z-Magic\Projects\SCMC - Ras AlKhaima - UAE\Media & Resources\20 years anniversary\pics\Smile care","CAMPAIGN","A","YES","2026-01-28 23:52:04",""
"D:\7Z-Magic\Projects\SCMC - Ras AlKhaima - UAE\Media & Resources","20 years anniversary\pics\Smile care\8AD79E73-7805-43AB-A205-89BEBD356F53.jpg","8AD79E73-7805-43AB-A205-89BEBD356F53.jpg",".jpg","818006","0.78","D:\7Z-Magic\Projects\SCMC - Ras AlKhaima - UAE\Media & Resources\20 years anniversary\pics\Smile care","CAMPAIGN","A","YES","2026-01-28 23:52:00",""
"D:\7Z-Magic\Projects\SCMC - Ras AlKhaima - UAE\Media & Resources","20 years anniversary\pics\Smile care\EFD0DAD3-7E9A-4BB0-B1A8-2DCAC93351FB.jpg","EFD0DAD3-7E9A-4BB0-B1A8-2DCAC93351FB.jpg",".jpg","781023","0.745","D:\7Z-Magic\Projects\SCMC - Ras AlKhaima - UAE\Media & Resources\20 years anniversary\pics\Smile care","CAMPAIGN","A","YES","2026-01-28 23:51:54",""
"D:\7Z-Magic\Projects\SCMC - Ras AlKhaima - UAE\Media & Resources","20 years anniversary\pics\Smile care\IMG_0583.HEIC","IMG_0583.HEIC",".heic","1571838","1.499","D:\7Z-Magic\Projects\SCMC - Ras AlKhaima - UAE\Media & Resources\20 years anniversary\pics\Smile care","CAMPAIGN","A","YES","2025-11-17 03:30:56",""
"D:\7Z-Magic\Projects\SCMC - Ras AlKhaima - UAE\Media & Resources","20 years anniversary\pics\Smile care\IMG_0584.HEIC","IMG_0584.HEIC",".heic","3235299","3.085","D:\7Z-Magic\Projects\SCMC - Ras AlKhaima - UAE\Media & Resources\20 years anniversary\pics\Smile care","CAMPAIGN","A","YES","2025-11-17 03:31:10",""
"D:\7Z-Magic\Projects\SCMC - Ras AlKhaima - UAE\Media & Resources","20 years anniversary\pics\Smile care\IMG_0585.HEIC","IMG_0585.HEIC",".heic","1172865","1.119","D:\7Z-Magic\Projects\SCMC - Ras AlKhaima - UAE\Media & Resources\20 years anniversary\pics\Smile care","CAMPAIGN","A","YES","2025-11-17 03:30:36",""
"D:\7Z-Magic\Projects\SCMC - Ras AlKhaima - UAE\Media & Resources","20 years anniversary\pics\Smile care\IMG_0586.HEIC","IMG_0586.HEIC",".heic","1067531","1.018","D:\7Z-Magic\Projects\SCMC - Ras AlKhaima - UAE\Media & Resources\20 years anniversary\pics\Smile care","CAMPAIGN","A","YES","2025-11-17 03:30:32",""
"D:\7Z-Magic\Projects\SCMC - Ras AlKhaima - UAE\Media & Resources","20 years anniversary\pics\Smile care\IMG_0587.HEIC","IMG_0587.HEIC",".heic","1216924","1.161","D:\7Z-Magic\Projects\SCMC - Ras AlKhaima - UAE\Media & Resources\20 years anniversary\pics\Smile care","CAMPAIGN","A","YES","2025-11-17 03:30:48",""
"D:\7Z-Magic\Projects\SCMC - Ras AlKhaima - UAE\Media & Resources","20 years anniversary\pics\Smile care\IMG_0588.HEIC","IMG_0588.HEIC",".heic","1145812","1.093","D:\7Z-Magic\Projects\SCMC - Ras AlKhaima - UAE\Media & Resources\20 years anniversary\pics\Smile care","CAMPAIGN","A","YES","2025-11-17 03:30:40",""
"D:\7Z-Magic\Projects\SCMC - Ras AlKhaima - UAE\Media & Resources","20 years anniversary\pics\Smile care\IMG_0589.HEIC","IMG_0589.HEIC",".heic","1177271","1.123","D:\7Z-Magic\Projects\SCMC - Ras AlKhaima - UAE\Media & Resources\20 years anniversary\pics\Smile care","CAMPAIGN","A","YES","2025-11-17 03:30:44",""
"D:\7Z-Magic\Projects\SCMC - Ras AlKhaima - UAE\Media & Resources","20 years anniversary\pics\Smile care\IMG_0590.HEIC","IMG_0590.HEIC",".heic","1400069","1.335","D:\7Z-Magic\Projects\SCMC - Ras AlKhaima - UAE\Media & Resources\20 years anniversary\pics\Smile care","CAMPAIGN","A","YES","2025-11-17 03:30:52",""
"D:\7Z-Magic\Projects\SCMC - Ras AlKhaima - UAE\Media & Resources","20 years anniversary\pics\Smile care\IMG_0591.HEIC","IMG_0591.HEIC",".heic","1642040","1.566","D:\7Z-Magic\Projects\SCMC - Ras AlKhaima - UAE\Media & Resources\20 years anniversary\pics\Smile care","CAMPAIGN","A","YES","2025-11-17 03:31:00",""
"D:\7Z-Magic\Projects\SCMC - Ras AlKhaima - UAE\Media & Resources","20 years anniversary\pics\Smile care\IMG_0592.HEIC","IMG_0592.HEIC",".heic","1657888","1.581","D:\7Z-Magic\Projects\SCMC - Ras AlKhaima - UAE\Media & Resources\20 years anniversary\pics\Smile care","CAMPAIGN","A","YES","2025-11-17 03:31:04",""
"D:\7Z-Magic\Projects\SCMC - Ras AlKhaima - UAE\Media & Resources","20 years anniversary\pics\Smile care\IMG_2480.HEIC","IMG_2480.HEIC",".heic","1422089","1.356","D:\7Z-Magic\Projects\SCMC - Ras AlKhaima - UAE\Media & Resources\20 years anniversary\pics\Smile care","CAMPAIGN","A","YES","2026-01-28 23:51:00",""
"D:\7Z-Magic\Projects\SCMC - Ras AlKhaima - UAE\Media & Resources","20 years anniversary\pics\Smile care\IMG_2798.HEIC","IMG_2798.HEIC",".heic","1077417","1.028","D:\7Z-Magic\Projects\SCMC - Ras AlKhaima - UAE\Media & Resources\20 years anniversary\pics\Smile care","CAMPAIGN","A","YES","2026-01-28 23:53:24",""
"D:\7Z-Magic\Projects\SCMC - Ras AlKhaima - UAE\Media & Resources","20 years anniversary\pics\Smile care\IMG_2799.HEIC","IMG_2799.HEIC",".heic","2077913","1.982","D:\7Z-Magic\Projects\SCMC - Ras AlKhaima - UAE\Media & Resources\20 years anniversary\pics\Smile care","CAMPAIGN","A","YES","2026-01-28 23:53:32",""
"D:\7Z-Magic\Projects\SCMC - Ras AlKhaima - UAE\Media & Resources","20 years anniversary\pics\Smile care\IMG_2800.HEIC","IMG_2800.HEIC",".heic","1957619","1.867","D:\7Z-Magic\Projects\SCMC - Ras AlKhaima - UAE\Media & Resources\20 years anniversary\pics\Smile care","CAMPAIGN","A","YES","2026-01-28 23:53:28",""
"D:\7Z-Magic\Projects\SCMC - Ras AlKhaima - UAE\Media & Resources","20 years anniversary\pics\Smile care\IMG_2802.HEIC","IMG_2802.HEIC",".heic","918071","0.876","D:\7Z-Magic\Projects\SCMC - Ras AlKhaima - UAE\Media & Resources\20 years anniversary\pics\Smile care","CAMPAIGN","A","YES","2026-01-28 23:53:16",""
"D:\7Z-Magic\Projects\SCMC - Ras AlKhaima - UAE\Media & Resources","20 years anniversary\pics\Smile care\IMG_4514.heif","IMG_4514.heif",".heif","1202490","1.147","D:\7Z-Magic\Projects\SCMC - Ras AlKhaima - UAE\Media & Resources\20 years anniversary\pics\Smile care","CAMPAIGN","A","YES","2025-11-17 02:39:10",""
"D:\7Z-Magic\Projects\SCMC - Ras AlKhaima - UAE\Media & Resources","20 years anniversary\pics\Smile care\IMG_4515.heif","IMG_4515.heif",".heif","1037767","0.99","D:\7Z-Magic\Projects\SCMC - Ras AlKhaima - UAE\Media & Resources\20 years anniversary\pics\Smile care","CAMPAIGN","A","YES","2025-11-17 02:39:04",""
"D:\7Z-Magic\Projects\SCMC - Ras AlKhaima - UAE\Media & Resources","20 years anniversary\pics\Smile care\IMG_4516.heif","IMG_4516.heif",".heif","1182562","1.128","D:\7Z-Magic\Projects\SCMC - Ras AlKhaima - UAE\Media & Resources\20 years anniversary\pics\Smile care","CAMPAIGN","A","YES","2025-11-17 02:39:06",""
"D:\7Z-Magic\Projects\SCMC - Ras AlKhaima - UAE\Media & Resources","20 years anniversary\pics\Smile care\IMG_4517.heif","IMG_4517.heif",".heif","1562992","1.491","D:\7Z-Magic\Projects\SCMC - Ras AlKhaima - UAE\Media & Resources\20 years anniversary\pics\Smile care","CAMPAIGN","A","YES","2025-11-17 02:39:32",""
"D:\7Z-Magic\Projects\SCMC - Ras AlKhaima - UAE\Media & Resources","20 years anniversary\pics\Smile care\IMG_4518.heif","IMG_4518.heif",".heif","1580186","1.507","D:\7Z-Magic\Projects\SCMC - Ras AlKhaima - UAE\Media & Resources\20 years anniversary\pics\Smile care","CAMPAIGN","A","YES","2025-11-17 02:41:26",""
"D:\7Z-Magic\Projects\SCMC - Ras AlKhaima - UAE\Media & Resources","20 years anniversary\pics\Smile care\IMG_4519.heif","IMG_4519.heif",".heif","1542553","1.471","D:\7Z-Magic\Projects\SCMC - Ras AlKhaima - UAE\Media & Resources\20 years anniversary\pics\Smile care","CAMPAIGN","A","YES","2025-11-17 02:39:26",""
"D:\7Z-Magic\Projects\SCMC - Ras AlKhaima - UAE\Media & Resources","20 years anniversary\pics\Smile care\IMG_4520.heif","IMG_4520.heif",".heif","1585504","1.512","D:\7Z-Magic\Projects\SCMC - Ras AlKhaima - UAE\Media & Resources\20 years anniversary\pics\Smile care","CAMPAIGN","A","YES","2025-11-17 02:41:34",""
"D:\7Z-Magic\Projects\SCMC - Ras AlKhaima - UAE\Media & Resources","20 years anniversary\pics\Smile care\IMG_4521.heif","IMG_4521.heif",".heif","1582369","1.509","D:\7Z-Magic\Projects\SCMC - Ras AlKhaima - UAE\Media & Resources\20 years anniversary\pics\Smile care","CAMPAIGN","A","YES","2025-11-17 02:41:30",""
"D:\7Z-Magic\Projects\SCMC - Ras AlKhaima - UAE\Media & Resources","20 years anniversary\pics\Smile care\IMG_4522.heif","IMG_4522.heif",".heif","1516814","1.447","D:\7Z-Magic\Projects\SCMC - Ras AlKhaima - UAE\Media & Resources\20 years anniversary\pics\Smile care","CAMPAIGN","A","YES","2025-11-17 02:39:20",""
"D:\7Z-Magic\Projects\SCMC - Ras AlKhaima - UAE\Media & Resources","20 years anniversary\pics\Smile care\IMG_4523.heif","IMG_4523.heif",".heif","1496260","1.427","D:\7Z-Magic\Projects\SCMC - Ras AlKhaima - UAE\Media & Resources\20 years anniversary\pics\Smile care","CAMPAIGN","A","YES","2025-11-17 02:39:14",""
"D:\7Z-Magic\Projects\SCMC - Ras AlKhaima - UAE\Media & Resources","20 years anniversary\pics\Smile care\IMG_4524.heif","IMG_4524.heif",".heif","1533927","1.463","D:\7Z-Magic\Projects\SCMC - Ras AlKhaima - UAE\Media & Resources\20 years anniversary\pics\Smile care","CAMPAIGN","A","YES","2025-11-17 02:39:24",""
"D:\7Z-Magic\Projects\SCMC - Ras AlKhaima - UAE\Media & Resources","20 years anniversary\pics\Smile care\IMG_4525.mov","IMG_4525.mov",".mov","66607405","63.522","D:\7Z-Magic\Projects\SCMC - Ras AlKhaima - UAE\Media & Resources\20 years anniversary\pics\Smile care","CAMPAIGN","A","YES","2025-11-17 02:41:56",""
"D:\7Z-Magic\Projects\SCMC - Ras AlKhaima - UAE\Media & Resources","20 years anniversary\pics\Smile care\IMG_4526.mov","IMG_4526.mov",".mov","77927465","74.317","D:\7Z-Magic\Projects\SCMC - Ras AlKhaima - UAE\Media & Resources\20 years anniversary\pics\Smile care","CAMPAIGN","A","YES","2025-11-17 02:44:00",""
"D:\7Z-Magic\Projects\SCMC - Ras AlKhaima - UAE\Media & Resources","20 years anniversary\pics\Smile care\IMG_4527.mov","IMG_4527.mov",".mov","73332309","69.935","D:\7Z-Magic\Projects\SCMC - Ras AlKhaima - UAE\Media & Resources\20 years anniversary\pics\Smile care","CAMPAIGN","A","YES","2025-11-17 02:43:34",""
"D:\7Z-Magic\Projects\SCMC - Ras AlKhaima - UAE\Media & Resources","20 years anniversary\smilecare - misc\smilecare brandmarks.pdf","smilecare brandmarks.pdf",".pdf","403430","0.385","D:\7Z-Magic\Projects\SCMC - Ras AlKhaima - UAE\Media & Resources\20 years anniversary\smilecare - misc","BRAND","A","YES","2024-03-09 07:03:16",""
"D:\7Z-Magic\Projects\SCMC - Ras AlKhaima - UAE\Media & Resources","20 years anniversary\smilecare - misc\SmileCare-Misc-06 2.pdf","SmileCare-Misc-06 2.pdf",".pdf","2608860","2.488","D:\7Z-Magic\Projects\SCMC - Ras AlKhaima - UAE\Media & Resources\20 years anniversary\smilecare - misc","CAMPAIGN","A","YES","2024-03-14 04:05:58",""
"D:\7Z-Magic\Projects\SCMC - Ras AlKhaima - UAE\Media & Resources","20 years anniversary\Sounds Smilecare\أسنان كالابطال.mp3","أسنان كالابطال.mp3",".mp3","1533248","1.462","D:\7Z-Magic\Projects\SCMC - Ras AlKhaima - UAE\Media & Resources\20 years anniversary\Sounds Smilecare","CAMPAIGN","A","YES","2025-12-28 05:47:12",""
"D:\7Z-Magic\Projects\SCMC - Ras AlKhaima - UAE\Media & Resources","20 years anniversary\Sounds Smilecare\أهلاً رمضان.mp3","أهلاً رمضان.mp3",".mp3","7224128","6.889","D:\7Z-Magic\Projects\SCMC - Ras AlKhaima - UAE\Media & Resources\20 years anniversary\Sounds Smilecare","CAMPAIGN","A","YES","2025-12-28 05:42:38",""
"D:\7Z-Magic\Projects\SCMC - Ras AlKhaima - UAE\Media & Resources","20 years anniversary\Sounds Smilecare\كوني قوية.mp3","كوني قوية.mp3",".mp3","2194307","2.093","D:\7Z-Magic\Projects\SCMC - Ras AlKhaima - UAE\Media & Resources\20 years anniversary\Sounds Smilecare","CAMPAIGN","A","YES","2025-12-28 05:42:32",""
"D:\7Z-Magic\Projects\SCMC - Ras AlKhaima - UAE\Media & Resources","20 years anniversary\داتا السنوية\Phone videos\091123A1-E85C-41CC-80CD-CCA8F7957841.jpg","091123A1-E85C-41CC-80CD-CCA8F7957841.jpg",".jpg","786630","0.75","D:\7Z-Magic\Projects\SCMC - Ras AlKhaima - UAE\Media & Resources\20 years anniversary\داتا السنوية\Phone videos","CAMPAIGN","A","YES","2025-09-18 03:25:40",""
"D:\7Z-Magic\Projects\SCMC - Ras AlKhaima - UAE\Media & Resources","20 years anniversary\داتا السنوية\Phone videos\1252a294d5db421ea97a4edb72cc23df.mov","1252a294d5db421ea97a4edb72cc23df.mov",".mov","36344743","34.661","D:\7Z-Magic\Projects\SCMC - Ras AlKhaima - UAE\Media & Resources\20 years anniversary\داتا السنوية\Phone videos","CAMPAIGN","A","YES","2025-09-18 03:31:12",""
"D:\7Z-Magic\Projects\SCMC - Ras AlKhaima - UAE\Media & Resources","20 years anniversary\داتا السنوية\Phone videos\17207C75-76B8-4B9A-A224-D798802DF13B.jpg","17207C75-76B8-4B9A-A224-D798802DF13B.jpg",".jpg","850849","0.811","D:\7Z-Magic\Projects\SCMC - Ras AlKhaima - UAE\Media & Resources\20 years anniversary\داتا السنوية\Phone videos","CAMPAIGN","A","YES","2025-09-18 03:25:44",""
"D:\7Z-Magic\Projects\SCMC - Ras AlKhaima - UAE\Media & Resources","20 years anniversary\داتا السنوية\Phone videos\81a7094e-4849-4123-a652-50dda1f88207.jpg","81a7094e-4849-4123-a652-50dda1f88207.jpg",".jpg","135144","0.129","D:\7Z-Magic\Projects\SCMC - Ras AlKhaima - UAE\Media & Resources\20 years anniversary\داتا السنوية\Phone videos","CAMPAIGN","A","YES","2025-09-18 03:29:08",""
"D:\7Z-Magic\Projects\SCMC - Ras AlKhaima - UAE\Media & Resources","20 years anniversary\داتا السنوية\Phone videos\8638fb80ac9f48b69fc1c389ee552c4d.mov","8638fb80ac9f48b69fc1c389ee552c4d.mov",".mov","996027","0.95","D:\7Z-Magic\Projects\SCMC - Ras AlKhaima - UAE\Media & Resources\20 years anniversary\داتا السنوية\Phone videos","CAMPAIGN","A","YES","2025-09-18 03:29:24",""
"D:\7Z-Magic\Projects\SCMC - Ras AlKhaima - UAE\Media & Resources","20 years anniversary\داتا السنوية\Phone videos\a25d9ab5-3ac0-45a1-aa05-9a9e65c99305.jpg","a25d9ab5-3ac0-45a1-aa05-9a9e65c99305.jpg",".jpg","158531","0.151","D:\7Z-Magic\Projects\SCMC - Ras AlKhaima - UAE\Media & Resources\20 years anniversary\داتا السنوية\Phone videos","CAMPAIGN","A","YES","2025-09-18 03:29:10",""
"D:\7Z-Magic\Projects\SCMC - Ras AlKhaima - UAE\Media & Resources","20 years anniversary\داتا السنوية\Phone videos\d3b7e94699d84c088fe594825da68244.mov","d3b7e94699d84c088fe594825da68244.mov",".mov","8819380","8.411","D:\7Z-Magic\Projects\SCMC - Ras AlKhaima - UAE\Media & Resources\20 years anniversary\داتا السنوية\Phone videos","CAMPAIGN","A","YES","2025-09-18 03:29:58",""
"D:\7Z-Magic\Projects\SCMC - Ras AlKhaima - UAE\Media & Resources","20 years anniversary\داتا السنوية\Phone videos\DSC01249.jpeg","DSC01249.jpeg",".jpeg","2676605","2.553","D:\7Z-Magic\Projects\SCMC - Ras AlKhaima - UAE\Media & Resources\20 years anniversary\داتا السنوية\Phone videos","CAMPAIGN","A","YES","2025-09-18 03:29:46",""
"D:\7Z-Magic\Projects\SCMC - Ras AlKhaima - UAE\Media & Resources","20 years anniversary\داتا السنوية\Phone videos\IMG_0112.heic","IMG_0112.heic",".heic","996812","0.951","D:\7Z-Magic\Projects\SCMC - Ras AlKhaima - UAE\Media & Resources\20 years anniversary\داتا السنوية\Phone videos","CAMPAIGN","A","YES","2025-09-18 03:25:48",""
"D:\7Z-Magic\Projects\SCMC - Ras AlKhaima - UAE\Media & Resources","20 years anniversary\داتا السنوية\Phone videos\IMG_0113.heic","IMG_0113.heic",".heic","1007804","0.961","D:\7Z-Magic\Projects\SCMC - Ras AlKhaima - UAE\Media & Resources\20 years anniversary\داتا السنوية\Phone videos","CAMPAIGN","A","YES","2025-09-18 03:25:52",""
"D:\7Z-Magic\Projects\SCMC - Ras AlKhaima - UAE\Media & Resources","20 years anniversary\داتا السنوية\Phone videos\IMG_0126.HEIC","IMG_0126.HEIC",".heic","813224","0.776","D:\7Z-Magic\Projects\SCMC - Ras AlKhaima - UAE\Media & Resources\20 years anniversary\داتا السنوية\Phone videos","CAMPAIGN","A","YES","2025-09-18 03:29:26",""
"D:\7Z-Magic\Projects\SCMC - Ras AlKhaima - UAE\Media & Resources","20 years anniversary\داتا السنوية\Phone videos\IMG_0140.MOV","IMG_0140.MOV",".mov","24785319","23.637","D:\7Z-Magic\Projects\SCMC - Ras AlKhaima - UAE\Media & Resources\20 years anniversary\داتا السنوية\Phone videos","CAMPAIGN","A","YES","2025-09-18 03:30:46",""
"D:\7Z-Magic\Projects\SCMC - Ras AlKhaima - UAE\Media & Resources","20 years anniversary\داتا السنوية\Phone videos\IMG_0142.MOV","IMG_0142.MOV",".mov","27648038","26.367","D:\7Z-Magic\Projects\SCMC - Ras AlKhaima - UAE\Media & Resources\20 years anniversary\داتا السنوية\Phone videos","CAMPAIGN","A","YES","2025-09-18 03:30:58",""
"D:\7Z-Magic\Projects\SCMC - Ras AlKhaima - UAE\Media & Resources","20 years anniversary\داتا السنوية\Phone videos\IMG_0232.MOV","IMG_0232.MOV",".mov","24015574","22.903","D:\7Z-Magic\Projects\SCMC - Ras AlKhaima - UAE\Media & Resources\20 years anniversary\داتا السنوية\Phone videos","CAMPAIGN","A","YES","2025-09-18 03:30:40",""
"D:\7Z-Magic\Projects\SCMC - Ras AlKhaima - UAE\Media & Resources","20 years anniversary\داتا السنوية\Phone videos\IMG_0248.HEIC","IMG_0248.HEIC",".heic","1846132","1.761","D:\7Z-Magic\Projects\SCMC - Ras AlKhaima - UAE\Media & Resources\20 years anniversary\داتا السنوية\Phone videos","CAMPAIGN","A","YES","2025-09-18 03:29:38",""
"D:\7Z-Magic\Projects\SCMC - Ras AlKhaima - UAE\Media & Resources","20 years anniversary\داتا السنوية\Phone videos\IMG_0259.HEIC","IMG_0259.HEIC",".heic","782147","0.746","D:\7Z-Magic\Projects\SCMC - Ras AlKhaima - UAE\Media & Resources\20 years anniversary\داتا السنوية\Phone videos","CAMPAIGN","A","YES","2025-09-18 03:29:20",""
"D:\7Z-Magic\Projects\SCMC - Ras AlKhaima - UAE\Media & Resources","20 years anniversary\داتا السنوية\Phone videos\IMG_0261.HEIC","IMG_0261.HEIC",".heic","764180","0.729","D:\7Z-Magic\Projects\SCMC - Ras AlKhaima - UAE\Media & Resources\20 years anniversary\داتا السنوية\Phone videos","CAMPAIGN","A","YES","2025-09-18 03:29:16",""
"D:\7Z-Magic\Projects\SCMC - Ras AlKhaima - UAE\Media & Resources","20 years anniversary\داتا السنوية\Phone videos\IMG_0284.HEIC","IMG_0284.HEIC",".heic","866247","0.826","D:\7Z-Magic\Projects\SCMC - Ras AlKhaima - UAE\Media & Resources\20 years anniversary\داتا السنوية\Phone videos","CAMPAIGN","A","YES","2025-09-18 03:29:30",""
"D:\7Z-Magic\Projects\SCMC - Ras AlKhaima - UAE\Media & Resources","20 years anniversary\داتا السنوية\Phone videos\IMG_0292.HEIC","IMG_0292.HEIC",".heic","868654","0.828","D:\7Z-Magic\Projects\SCMC - Ras AlKhaima - UAE\Media & Resources\20 years anniversary\داتا السنوية\Phone videos","CAMPAIGN","A","YES","2025-09-18 03:29:34",""
"D:\7Z-Magic\Projects\SCMC - Ras AlKhaima - UAE\Media & Resources","20 years anniversary\داتا السنوية\Phone videos\IMG_1193.mov","IMG_1193.mov",".mov","11693984","11.152","D:\7Z-Magic\Projects\SCMC - Ras AlKhaima - UAE\Media & Resources\20 years anniversary\داتا السنوية\Phone videos","CAMPAIGN","A","YES","2025-09-18 03:30:16",""
"D:\7Z-Magic\Projects\SCMC - Ras AlKhaima - UAE\Media & Resources","20 years anniversary\داتا السنوية\Phone videos\IMG_1194.mov","IMG_1194.mov",".mov","6422867","6.125","D:\7Z-Magic\Projects\SCMC - Ras AlKhaima - UAE\Media & Resources\20 years anniversary\داتا السنوية\Phone videos","CAMPAIGN","A","YES","2025-09-18 03:29:50",""
"D:\7Z-Magic\Projects\SCMC - Ras AlKhaima - UAE\Media & Resources","20 years anniversary\داتا السنوية\Phone videos\IMG_2435.HEIC","IMG_2435.HEIC",".heic","1195072","1.14","D:\7Z-Magic\Projects\SCMC - Ras AlKhaima - UAE\Media & Resources\20 years anniversary\داتا السنوية\Phone videos","CAMPAIGN","A","YES","2025-09-18 03:26:08",""
"D:\7Z-Magic\Projects\SCMC - Ras AlKhaima - UAE\Media & Resources","20 years anniversary\داتا السنوية\Phone videos\IMG_2436.HEIC","IMG_2436.HEIC",".heic","1203429","1.148","D:\7Z-Magic\Projects\SCMC - Ras AlKhaima - UAE\Media & Resources\20 years anniversary\داتا السنوية\Phone videos","CAMPAIGN","A","YES","2025-09-18 03:28:46",""
"D:\7Z-Magic\Projects\SCMC - Ras AlKhaima - UAE\Media & Resources","20 years anniversary\داتا السنوية\Phone videos\IMG_2503.HEIC","IMG_2503.HEIC",".heic","1395740","1.331","D:\7Z-Magic\Projects\SCMC - Ras AlKhaima - UAE\Media & Resources\20 years anniversary\داتا السنوية\Phone videos","CAMPAIGN","A","YES","2025-09-18 03:29:04",""
"D:\7Z-Magic\Projects\SCMC - Ras AlKhaima - UAE\Media & Resources","20 years anniversary\داتا السنوية\Phone videos\IMG_4814.HEIC","IMG_4814.HEIC",".heic","1523969","1.453","D:\7Z-Magic\Projects\SCMC - Ras AlKhaima - UAE\Media & Resources\20 years anniversary\داتا السنوية\Phone videos","CAMPAIGN","A","YES","2025-09-18 03:28:50",""
"D:\7Z-Magic\Projects\SCMC - Ras AlKhaima - UAE\Media & Resources","20 years anniversary\داتا السنوية\Phone videos\IMG_5796.HEIC","IMG_5796.HEIC",".heic","1356782","1.294","D:\7Z-Magic\Projects\SCMC - Ras AlKhaima - UAE\Media & Resources\20 years anniversary\داتا السنوية\Phone videos","CAMPAIGN","A","YES","2025-09-18 03:28:54",""
"D:\7Z-Magic\Projects\SCMC - Ras AlKhaima - UAE\Media & Resources","20 years anniversary\داتا السنوية\Phone videos\IMG_5797.HEIC","IMG_5797.HEIC",".heic","1466082","1.398","D:\7Z-Magic\Projects\SCMC - Ras AlKhaima - UAE\Media & Resources\20 years anniversary\داتا السنوية\Phone videos","CAMPAIGN","A","YES","2025-09-18 03:29:00",""
"D:\7Z-Magic\Projects\SCMC - Ras AlKhaima - UAE\Media & Resources","20 years anniversary\داتا السنوية\Phone videos\IMG_6065.HEIC","IMG_6065.HEIC",".heic","903086","0.861","D:\7Z-Magic\Projects\SCMC - Ras AlKhaima - UAE\Media & Resources\20 years anniversary\داتا السنوية\Phone videos","CAMPAIGN","A","YES","2025-09-18 03:26:04",""
"D:\7Z-Magic\Projects\SCMC - Ras AlKhaima - UAE\Media & Resources","20 years anniversary\داتا السنوية\Phone videos\IMG_6066.HEIC","IMG_6066.HEIC",".heic","894056","0.853","D:\7Z-Magic\Projects\SCMC - Ras AlKhaima - UAE\Media & Resources\20 years anniversary\داتا السنوية\Phone videos","CAMPAIGN","A","YES","2025-09-18 03:25:56",""
"D:\7Z-Magic\Projects\SCMC - Ras AlKhaima - UAE\Media & Resources","20 years anniversary\داتا السنوية\Phone videos\IMG_6069.HEIC","IMG_6069.HEIC",".heic","777870","0.742","D:\7Z-Magic\Projects\SCMC - Ras AlKhaima - UAE\Media & Resources\20 years anniversary\داتا السنوية\Phone videos","CAMPAIGN","A","YES","2025-09-18 03:26:00",""
"D:\7Z-Magic\Projects\SCMC - Ras AlKhaima - UAE\Media & Resources","20 years anniversary\داتا السنوية\Phone videos\IMG_6214.MOV","IMG_6214.MOV",".mov","23417824","22.333","D:\7Z-Magic\Projects\SCMC - Ras AlKhaima - UAE\Media & Resources\20 years anniversary\داتا السنوية\Phone videos","CAMPAIGN","A","YES","2025-09-18 03:30:52",""
"D:\7Z-Magic\Projects\SCMC - Ras AlKhaima - UAE\Media & Resources","20 years anniversary\داتا السنوية\Phone videos\IMG_7756.MOV","IMG_7756.MOV",".mov","65796812","62.749","D:\7Z-Magic\Projects\SCMC - Ras AlKhaima - UAE\Media & Resources\20 years anniversary\داتا السنوية\Phone videos","CAMPAIGN","A","YES","2025-09-18 03:31:24",""
"D:\7Z-Magic\Projects\SCMC - Ras AlKhaima - UAE\Media & Resources","20 years anniversary\داتا السنوية\Phone videos\IMG_8007.MOV","IMG_8007.MOV",".mov","4179181","3.986","D:\7Z-Magic\Projects\SCMC - Ras AlKhaima - UAE\Media & Resources\20 years anniversary\داتا السنوية\Phone videos","CAMPAIGN","A","YES","2025-09-18 03:29:42",""
"D:\7Z-Magic\Projects\SCMC - Ras AlKhaima - UAE\Media & Resources","20 years anniversary\داتا السنوية\Phone videos\IMG_8023.MOV","IMG_8023.MOV",".mov","12272065","11.704","D:\7Z-Magic\Projects\SCMC - Ras AlKhaima - UAE\Media & Resources\20 years anniversary\داتا السنوية\Phone videos","CAMPAIGN","A","YES","2025-09-18 03:30:28",""
"D:\7Z-Magic\Projects\SCMC - Ras AlKhaima - UAE\Media & Resources","20 years anniversary\داتا السنوية\Phone videos\IMG_8072.MOV","IMG_8072.MOV",".mov","13573941","12.945","D:\7Z-Magic\Projects\SCMC - Ras AlKhaima - UAE\Media & Resources\20 years anniversary\داتا السنوية\Phone videos","CAMPAIGN","A","YES","2025-09-18 03:30:06",""
"D:\7Z-Magic\Projects\SCMC - Ras AlKhaima - UAE\Media & Resources","20 years anniversary\داتا السنوية\Phone videos\IMG_8073.MOV","IMG_8073.MOV",".mov","15965982","15.226","D:\7Z-Magic\Projects\SCMC - Ras AlKhaima - UAE\Media & Resources\20 years anniversary\داتا السنوية\Phone videos","CAMPAIGN","A","YES","2025-09-18 03:30:12",""
"D:\7Z-Magic\Projects\SCMC - Ras AlKhaima - UAE\Media & Resources","20 years anniversary\داتا السنوية\Phone videos\IMG_8125.MOV","IMG_8125.MOV",".mov","1632454","1.557","D:\7Z-Magic\Projects\SCMC - Ras AlKhaima - UAE\Media & Resources\20 years anniversary\داتا السنوية\Phone videos","CAMPAIGN","A","YES","2025-09-18 03:28:58",""
"D:\7Z-Magic\Projects\SCMC - Ras AlKhaima - UAE\Media & Resources","20 years anniversary\داتا السنوية\Phone videos\IMG_8132.MOV","IMG_8132.MOV",".mov","19468094","18.566","D:\7Z-Magic\Projects\SCMC - Ras AlKhaima - UAE\Media & Resources\20 years anniversary\داتا السنوية\Phone videos","CAMPAIGN","A","YES","2025-09-18 03:30:34",""
"D:\7Z-Magic\Projects\SCMC - Ras AlKhaima - UAE\Media & Resources","20 years anniversary\داتا السنوية\Phone videos\IMG_8307.MOV","IMG_8307.MOV",".mov","12406237","11.832","D:\7Z-Magic\Projects\SCMC - Ras AlKhaima - UAE\Media & Resources\20 years anniversary\داتا السنوية\Phone videos","CAMPAIGN","A","YES","2025-09-18 03:30:02",""
"D:\7Z-Magic\Projects\SCMC - Ras AlKhaima - UAE\Media & Resources","20 years anniversary\داتا السنوية\Phone videos\IMG_8323.MOV","IMG_8323.MOV",".mov","3620032","3.452","D:\7Z-Magic\Projects\SCMC - Ras AlKhaima - UAE\Media & Resources\20 years anniversary\داتا السنوية\Phone videos","CAMPAIGN","A","YES","2025-09-18 03:29:54",""
"D:\7Z-Magic\Projects\SCMC - Ras AlKhaima - UAE\Media & Resources","20 years anniversary\داتا السنوية\Phone videos\IMG_9355.MOV","IMG_9355.MOV",".mov","34339584","32.749","D:\7Z-Magic\Projects\SCMC - Ras AlKhaima - UAE\Media & Resources\20 years anniversary\داتا السنوية\Phone videos","CAMPAIGN","A","YES","2025-09-18 03:31:06",""
"D:\7Z-Magic\Projects\SCMC - Ras AlKhaima - UAE\Media & Resources","20 years anniversary\داتا السنوية\Phone videos\t.zip - 14.jpg","t.zip - 14.jpg",".jpg","846899","0.808","D:\7Z-Magic\Projects\SCMC - Ras AlKhaima - UAE\Media & Resources\20 years anniversary\داتا السنوية\Phone videos","CAMPAIGN","A","YES","2025-09-18 03:29:14",""
"D:\7Z-Magic\Projects\SCMC - Ras AlKhaima - UAE\Media & Resources","20 years anniversary\داتا السنوية\Phone videos\Your paragraph text - 7.jpg","Your paragraph text - 7.jpg",".jpg","11853439","11.304","D:\7Z-Magic\Projects\SCMC - Ras AlKhaima - UAE\Media & Resources\20 years anniversary\داتا السنوية\Phone videos","CAMPAIGN","A","YES","2025-09-18 03:30:22",""
"D:\7Z-Magic\Projects\SCMC - Ras AlKhaima - UAE\Media & Resources","20 years anniversary\داتا السنوية\Prepare for 17th\2024-09-11 12-44-06 RDM5 1920x1080 30fps.mov","2024-09-11 12-44-06 RDM5 1920x1080 30fps.mov",".mov","15613110","14.89","D:\7Z-Magic\Projects\SCMC - Ras AlKhaima - UAE\Media & Resources\20 years anniversary\داتا السنوية\Prepare for 17th","CAMPAIGN","A","YES","2024-09-11 06:08:06",""
"D:\7Z-Magic\Projects\SCMC - Ras AlKhaima - UAE\Media & Resources","20 years anniversary\داتا السنوية\Prepare for 17th\2024-09-11 12-44-40 RDJC 1920x1080 30fps.mov","2024-09-11 12-44-40 RDJC 1920x1080 30fps.mov",".mov","44298907","42.247","D:\7Z-Magic\Projects\SCMC - Ras AlKhaima - UAE\Media & Resources\20 years anniversary\داتا السنوية\Prepare for 17th","CAMPAIGN","A","YES","2024-09-11 07:27:26",""
"D:\7Z-Magic\Projects\SCMC - Ras AlKhaima - UAE\Media & Resources","20 years anniversary\داتا السنوية\Prepare for 17th\2024-09-11 12-45-15 MJC2 1920x1080 30fps.mov","2024-09-11 12-45-15 MJC2 1920x1080 30fps.mov",".mov","16222959","15.471","D:\7Z-Magic\Projects\SCMC - Ras AlKhaima - UAE\Media & Resources\20 years anniversary\داتا السنوية\Prepare for 17th","CAMPAIGN","A","YES","2024-09-11 06:08:20",""
"D:\7Z-Magic\Projects\SCMC - Ras AlKhaima - UAE\Media & Resources","20 years anniversary\داتا السنوية\Prepare for 17th\2024-09-11 12-45-41 RDZC 1920x1080 30fps.mov","2024-09-11 12-45-41 RDZC 1920x1080 30fps.mov",".mov","24971995","23.815","D:\7Z-Magic\Projects\SCMC - Ras AlKhaima - UAE\Media & Resources\20 years anniversary\داتا السنوية\Prepare for 17th","CAMPAIGN","A","YES","2024-09-11 07:26:34",""
"D:\7Z-Magic\Projects\SCMC - Ras AlKhaima - UAE\Media & Resources","20 years anniversary\داتا السنوية\Prepare for 17th\2024-09-11 12-46-08 MURF 1920x1080 30fps.mov","2024-09-11 12-46-08 MURF 1920x1080 30fps.mov",".mov","4281298","4.083","D:\7Z-Magic\Projects\SCMC - Ras AlKhaima - UAE\Media & Resources\20 years anniversary\داتا السنوية\Prepare for 17th","CAMPAIGN","A","YES","2024-09-11 06:06:22",""
"D:\7Z-Magic\Projects\SCMC - Ras AlKhaima - UAE\Media & Resources","20 years anniversary\داتا السنوية\Prepare for 17th\2024-09-11 12-46-20 QKU3 1920x1080 30fps.mov","2024-09-11 12-46-20 QKU3 1920x1080 30fps.mov",".mov","26612781","25.38","D:\7Z-Magic\Projects\SCMC - Ras AlKhaima - UAE\Media & Resources\20 years anniversary\داتا السنوية\Prepare for 17th","CAMPAIGN","A","YES","2024-09-11 07:26:48",""
"D:\7Z-Magic\Projects\SCMC - Ras AlKhaima - UAE\Media & Resources","20 years anniversary\داتا السنوية\Prepare for 17th\2024-09-11 12-46-42 MTA5 1920x1080 30fps.mov","2024-09-11 12-46-42 MTA5 1920x1080 30fps.mov",".mov","8575794","8.179","D:\7Z-Magic\Projects\SCMC - Ras AlKhaima - UAE\Media & Resources\20 years anniversary\داتا السنوية\Prepare for 17th","CAMPAIGN","A","YES","2024-09-11 06:06:34",""
"D:\7Z-Magic\Projects\SCMC - Ras AlKhaima - UAE\Media & Resources","20 years anniversary\داتا السنوية\Prepare for 17th\2024-09-11 12-46-51 QJC5 1920x1080 30fps.mov","2024-09-11 12-46-51 QJC5 1920x1080 30fps.mov",".mov","8942641","8.528","D:\7Z-Magic\Projects\SCMC - Ras AlKhaima - UAE\Media & Resources\20 years anniversary\داتا السنوية\Prepare for 17th","CAMPAIGN","A","YES","2024-09-11 06:06:42",""
"D:\7Z-Magic\Projects\SCMC - Ras AlKhaima - UAE\Media & Resources","20 years anniversary\داتا السنوية\Prepare for 17th\2024-09-11 12-47-01 QJND 1920x1080 30fps.mov","2024-09-11 12-47-01 QJND 1920x1080 30fps.mov",".mov","55049858","52.5","D:\7Z-Magic\Projects\SCMC - Ras AlKhaima - UAE\Media & Resources\20 years anniversary\داتا السنوية\Prepare for 17th","CAMPAIGN","A","YES","2024-09-11 07:27:50",""
"D:\7Z-Magic\Projects\SCMC - Ras AlKhaima - UAE\Media & Resources","20 years anniversary\داتا السنوية\Prepare for 17th\2024-09-11 12-48-24 RDK5 1920x1080 30fps.mov","2024-09-11 12-48-24 RDK5 1920x1080 30fps.mov",".mov","24524413","23.388","D:\7Z-Magic\Projects\SCMC - Ras AlKhaima - UAE\Media & Resources\20 years anniversary\داتا السنوية\Prepare for 17th","CAMPAIGN","A","YES","2024-09-11 06:22:40",""
"D:\7Z-Magic\Projects\SCMC - Ras AlKhaima - UAE\Media & Resources","20 years anniversary\داتا السنوية\Prepare for 17th\2024-09-11 12-48-49 RDFE 1920x1080 30fps.mov","2024-09-11 12-48-49 RDFE 1920x1080 30fps.mov",".mov","2002998","1.91","D:\7Z-Magic\Projects\SCMC - Ras AlKhaima - UAE\Media & Resources\20 years anniversary\داتا السنوية\Prepare for 17th","CAMPAIGN","A","YES","2024-09-11 06:06:14",""
"D:\7Z-Magic\Projects\SCMC - Ras AlKhaima - UAE\Media & Resources","20 years anniversary\داتا السنوية\Prepare for 17th\2024-09-11 12-49-00 RUQ5 1920x1080 30fps.mov","2024-09-11 12-49-00 RUQ5 1920x1080 30fps.mov",".mov","54772487","52.235","D:\7Z-Magic\Projects\SCMC - Ras AlKhaima - UAE\Media & Resources\20 years anniversary\داتا السنوية\Prepare for 17th","CAMPAIGN","A","YES","2024-09-11 07:27:44",""
"D:\7Z-Magic\Projects\SCMC - Ras AlKhaima - UAE\Media & Resources","20 years anniversary\داتا السنوية\Prepare for 17th\2024-09-11 12-49-44 OTQ5 1920x1080 30fps.mov","2024-09-11 12-49-44 OTQ5 1920x1080 30fps.mov",".mov","15700302","14.973","D:\7Z-Magic\Projects\SCMC - Ras AlKhaima - UAE\Media & Resources\20 years anniversary\داتا السنوية\Prepare for 17th","CAMPAIGN","A","YES","2024-09-11 06:08:16",""
"D:\7Z-Magic\Projects\SCMC - Ras AlKhaima - UAE\Media & Resources","20 years anniversary\داتا السنوية\Prepare for 17th\2024-09-11 12-49-58 OEY0 1920x1080 30fps.mov","2024-09-11 12-49-58 OEY0 1920x1080 30fps.mov",".mov","20849362","19.884","D:\7Z-Magic\Projects\SCMC - Ras AlKhaima - UAE\Media & Resources\20 years anniversary\داتا السنوية\Prepare for 17th","CAMPAIGN","A","YES","2024-09-11 06:22:02",""
"D:\7Z-Magic\Projects\SCMC - Ras AlKhaima - UAE\Media & Resources","20 years anniversary\داتا السنوية\Prepare for 17th\2024-09-11 13-59-39 NUQY 1920x1080 30fps(1).mov","2024-09-11 13-59-39 NUQY 1920x1080 30fps(1).mov",".mov","140761003","134.24","D:\7Z-Magic\Projects\SCMC - Ras AlKhaima - UAE\Media & Resources\20 years anniversary\داتا السنوية\Prepare for 17th","CAMPAIGN","A","YES","2024-09-11 07:27:56",""
"D:\7Z-Magic\Projects\SCMC - Ras AlKhaima - UAE\Media & Resources","20 years anniversary\داتا السنوية\Prepare for 17th\2024-09-11 13-59-39 NUQY 1920x1080 30fps.mov","2024-09-11 13-59-39 NUQY 1920x1080 30fps.mov",".mov","140761003","134.24","D:\7Z-Magic\Projects\SCMC - Ras AlKhaima - UAE\Media & Resources\20 years anniversary\داتا السنوية\Prepare for 17th","CAMPAIGN","A","YES","2024-09-18 05:42:02",""
"D:\7Z-Magic\Projects\SCMC - Ras AlKhaima - UAE\Media & Resources","20 years anniversary\داتا السنوية\Prepare for 17th\2024-09-11 14-01-34 OTMW 1920x1080 30fps.mov","2024-09-11 14-01-34 OTMW 1920x1080 30fps.mov",".mov","35585279","33.937","D:\7Z-Magic\Projects\SCMC - Ras AlKhaima - UAE\Media & Resources\20 years anniversary\داتا السنوية\Prepare for 17th","CAMPAIGN","A","YES","2024-09-11 07:27:22",""
"D:\7Z-Magic\Projects\SCMC - Ras AlKhaima - UAE\Media & Resources","20 years anniversary\داتا السنوية\Prepare for 17th\2024-09-11 14-02-09 MJM3 1920x1080 30fps(1).mov","2024-09-11 14-02-09 MJM3 1920x1080 30fps(1).mov",".mov","47084142","44.903","D:\7Z-Magic\Projects\SCMC - Ras AlKhaima - UAE\Media & Resources\20 years anniversary\داتا السنوية\Prepare for 17th","CAMPAIGN","A","YES","2024-09-11 07:27:40",""
"D:\7Z-Magic\Projects\SCMC - Ras AlKhaima - UAE\Media & Resources","20 years anniversary\داتا السنوية\Prepare for 17th\2024-09-11 14-02-09 MJM3 1920x1080 30fps.mov","2024-09-11 14-02-09 MJM3 1920x1080 30fps.mov",".mov","47084142","44.903","D:\7Z-Magic\Projects\SCMC - Ras AlKhaima - UAE\Media & Resources\20 years anniversary\داتا السنوية\Prepare for 17th","CAMPAIGN","A","YES","2024-09-18 05:41:46",""
"D:\7Z-Magic\Projects\SCMC - Ras AlKhaima - UAE\Media & Resources","20 years anniversary\داتا السنوية\Prepare for 17th\2024-09-11 14-04-45 NJNE 1920x1080 30fps.mov","2024-09-11 14-04-45 NJNE 1920x1080 30fps.mov",".mov","22419678","21.381","D:\7Z-Magic\Projects\SCMC - Ras AlKhaima - UAE\Media & Resources\20 years anniversary\داتا السنوية\Prepare for 17th","CAMPAIGN","A","YES","2024-09-11 06:22:28",""
"D:\7Z-Magic\Projects\SCMC - Ras AlKhaima - UAE\Media & Resources","20 years anniversary\داتا السنوية\Prepare for 17th\IMG_6031.MOV","IMG_6031.MOV",".mov","49204765","46.925","D:\7Z-Magic\Projects\SCMC - Ras AlKhaima - UAE\Media & Resources\20 years anniversary\داتا السنوية\Prepare for 17th","CAMPAIGN","A","YES","2024-09-11 07:27:16",""
"D:\7Z-Magic\Projects\SCMC - Ras AlKhaima - UAE\Media & Resources","20 years anniversary\داتا السنوية\Prepare for 17th\IMG_6046.MOV","IMG_6046.MOV",".mov","16195984","15.446","D:\7Z-Magic\Projects\SCMC - Ras AlKhaima - UAE\Media & Resources\20 years anniversary\داتا السنوية\Prepare for 17th","CAMPAIGN","A","YES","2024-09-11 06:07:02",""
"D:\7Z-Magic\Projects\SCMC - Ras AlKhaima - UAE\Media & Resources","20 years anniversary\داتا السنوية\Prepare for 17th\IMG_6047.MOV","IMG_6047.MOV",".mov","28139511","26.836","D:\7Z-Magic\Projects\SCMC - Ras AlKhaima - UAE\Media & Resources\20 years anniversary\داتا السنوية\Prepare for 17th","CAMPAIGN","A","YES","2024-09-11 06:22:08",""
"D:\7Z-Magic\Projects\SCMC - Ras AlKhaima - UAE\Media & Resources","20 years anniversary\داتا السنوية\Prepare for 17th\IMG_6048.MOV","IMG_6048.MOV",".mov","24162385","23.043","D:\7Z-Magic\Projects\SCMC - Ras AlKhaima - UAE\Media & Resources\20 years anniversary\داتا السنوية\Prepare for 17th","CAMPAIGN","A","YES","2024-09-11 06:08:52",""
"D:\7Z-Magic\Projects\SCMC - Ras AlKhaima - UAE\Media & Resources","20 years anniversary\داتا السنوية\Prepare for 17th\IMG_6049.MOV","IMG_6049.MOV",".mov","20129875","19.197","D:\7Z-Magic\Projects\SCMC - Ras AlKhaima - UAE\Media & Resources\20 years anniversary\داتا السنوية\Prepare for 17th","CAMPAIGN","A","YES","2024-09-11 06:07:28",""
"D:\7Z-Magic\Projects\SCMC - Ras AlKhaima - UAE\Media & Resources","20 years anniversary\داتا السنوية\Prepare for 17th\IMG_6050.MOV","IMG_6050.MOV",".mov","24424381","23.293","D:\7Z-Magic\Projects\SCMC - Ras AlKhaima - UAE\Media & Resources\20 years anniversary\داتا السنوية\Prepare for 17th","CAMPAIGN","A","YES","2024-09-11 06:11:00",""
"D:\7Z-Magic\Projects\SCMC - Ras AlKhaima - UAE\Media & Resources","20 years anniversary\داتا السنوية\Prepare for 17th\IMG_6051.MOV","IMG_6051.MOV",".mov","13467152","12.843","D:\7Z-Magic\Projects\SCMC - Ras AlKhaima - UAE\Media & Resources\20 years anniversary\داتا السنوية\Prepare for 17th","CAMPAIGN","A","YES","2024-09-11 06:06:52",""
"D:\7Z-Magic\Projects\SCMC - Ras AlKhaima - UAE\Media & Resources","20 years anniversary\داتا السنوية\Prepare for 17th\IMG_6052.MOV","IMG_6052.MOV",".mov","24111803","22.995","D:\7Z-Magic\Projects\SCMC - Ras AlKhaima - UAE\Media & Resources\20 years anniversary\داتا السنوية\Prepare for 17th","CAMPAIGN","A","YES","2024-09-11 06:10:48",""
"D:\7Z-Magic\Projects\SCMC - Ras AlKhaima - UAE\Media & Resources","20 years anniversary\داتا السنوية\Prepare for 17th\IMG_6053.HEIC","IMG_6053.HEIC",".heic","983191","0.938","D:\7Z-Magic\Projects\SCMC - Ras AlKhaima - UAE\Media & Resources\20 years anniversary\داتا السنوية\Prepare for 17th","CAMPAIGN","A","YES","2024-09-11 06:06:10",""
"D:\7Z-Magic\Projects\SCMC - Ras AlKhaima - UAE\Media & Resources","20 years anniversary\داتا السنوية\Prepare for 17th\IMG_6054.MOV","IMG_6054.MOV",".mov","43627957","41.607","D:\7Z-Magic\Projects\SCMC - Ras AlKhaima - UAE\Media & Resources\20 years anniversary\داتا السنوية\Prepare for 17th","CAMPAIGN","A","YES","2024-09-11 07:27:08",""
"D:\7Z-Magic\Projects\SCMC - Ras AlKhaima - UAE\Media & Resources","20 years anniversary\داتا السنوية\Prepare for 17th\IMG_6055.MOV","IMG_6055.MOV",".mov","8158817","7.781","D:\7Z-Magic\Projects\SCMC - Ras AlKhaima - UAE\Media & Resources\20 years anniversary\داتا السنوية\Prepare for 17th","CAMPAIGN","A","YES","2024-09-11 06:06:30",""
"D:\7Z-Magic\Projects\SCMC - Ras AlKhaima - UAE\Media & Resources","20 years anniversary\داتا السنوية\Prepare for 17th\IMG_6086.MOV","IMG_6086.MOV",".mov","30870994","29.441","D:\7Z-Magic\Projects\SCMC - Ras AlKhaima - UAE\Media & Resources\20 years anniversary\داتا السنوية\Prepare for 17th","CAMPAIGN","A","YES","2024-09-11 06:22:22",""
"D:\7Z-Magic\Projects\SCMC - Ras AlKhaima - UAE\Media & Resources","20 years anniversary\داتا السنوية\Prepare for 17th\IMG_6099.MOV","IMG_6099.MOV",".mov","10179336","9.708","D:\7Z-Magic\Projects\SCMC - Ras AlKhaima - UAE\Media & Resources\20 years anniversary\داتا السنوية\Prepare for 17th","CAMPAIGN","A","YES","2024-09-11 06:06:48",""
"D:\7Z-Magic\Projects\SCMC - Ras AlKhaima - UAE\Media & Resources","20 years anniversary\داتا السنوية\Prepare for 17th\IMG_6100.MOV","IMG_6100.MOV",".mov","25092149","23.93","D:\7Z-Magic\Projects\SCMC - Ras AlKhaima - UAE\Media & Resources\20 years anniversary\داتا السنوية\Prepare for 17th","CAMPAIGN","A","YES","2024-09-11 07:26:40",""
"D:\7Z-Magic\Projects\SCMC - Ras AlKhaima - UAE\Media & Resources","20 years anniversary\داتا السنوية\Prepare for 17th\IMG_6101.MOV","IMG_6101.MOV",".mov","24529705","23.393","D:\7Z-Magic\Projects\SCMC - Ras AlKhaima - UAE\Media & Resources\20 years anniversary\داتا السنوية\Prepare for 17th","CAMPAIGN","A","YES","2024-09-11 06:10:36",""
"D:\7Z-Magic\Projects\SCMC - Ras AlKhaima - UAE\Media & Resources","20 years anniversary\داتا السنوية\Prepare for 17th\IMG_6103.MOV","IMG_6103.MOV",".mov","10008821","9.545","D:\7Z-Magic\Projects\SCMC - Ras AlKhaima - UAE\Media & Resources\20 years anniversary\داتا السنوية\Prepare for 17th","CAMPAIGN","A","YES","2024-09-11 06:06:26",""
"D:\7Z-Magic\Projects\SCMC - Ras AlKhaima - UAE\Media & Resources","20 years anniversary\داتا السنوية\Prepare for 17th\IMG_6104.MOV","IMG_6104.MOV",".mov","20910627","19.942","D:\7Z-Magic\Projects\SCMC - Ras AlKhaima - UAE\Media & Resources\20 years anniversary\داتا السنوية\Prepare for 17th","CAMPAIGN","A","YES","2024-09-11 06:08:10",""
"D:\7Z-Magic\Projects\SCMC - Ras AlKhaima - UAE\Media & Resources","20 years anniversary\داتا السنوية\Prepare for 17th\IMG_6110.MOV","IMG_6110.MOV",".mov","5947965","5.672","D:\7Z-Magic\Projects\SCMC - Ras AlKhaima - UAE\Media & Resources\20 years anniversary\داتا السنوية\Prepare for 17th","CAMPAIGN","A","YES","2024-09-11 06:06:18",""
"D:\7Z-Magic\Projects\SCMC - Ras AlKhaima - UAE\Media & Resources","20 years anniversary\داتا السنوية\Prepare for 17th\IMG_6113.MOV","IMG_6113.MOV",".mov","25138440","23.974","D:\7Z-Magic\Projects\SCMC - Ras AlKhaima - UAE\Media & Resources\20 years anniversary\داتا السنوية\Prepare for 17th","CAMPAIGN","A","YES","2024-09-11 06:10:54",""
"D:\7Z-Magic\Projects\SCMC - Ras AlKhaima - UAE\Media & Resources","20 years anniversary\داتا السنوية\Prepare for 17th\IMG_6115.MOV","IMG_6115.MOV",".mov","21851714","20.839","D:\7Z-Magic\Projects\SCMC - Ras AlKhaima - UAE\Media & Resources\20 years anniversary\داتا السنوية\Prepare for 17th","CAMPAIGN","A","YES","2024-09-11 06:08:32",""
"D:\7Z-Magic\Projects\SCMC - Ras AlKhaima - UAE\Media & Resources","20 years anniversary\داتا السنوية\Prepare for 17th\IMG_6119.MOV","IMG_6119.MOV",".mov","26143952","24.933","D:\7Z-Magic\Projects\SCMC - Ras AlKhaima - UAE\Media & Resources\20 years anniversary\داتا السنوية\Prepare for 17th","CAMPAIGN","A","YES","2024-09-11 06:21:44",""
"D:\7Z-Magic\Projects\SCMC - Ras AlKhaima - UAE\Media & Resources","20 years anniversary\داتا السنوية\Prepare for 17th\IMG_6209.MOV","IMG_6209.MOV",".mov","42580862","40.608","D:\7Z-Magic\Projects\SCMC - Ras AlKhaima - UAE\Media & Resources\20 years anniversary\داتا السنوية\Prepare for 17th","CAMPAIGN","A","YES","2024-09-11 07:27:12",""
"D:\7Z-Magic\Projects\SCMC - Ras AlKhaima - UAE\Media & Resources","20 years anniversary\داتا السنوية\Prepare for 17th\IMG_6210.MOV","IMG_6210.MOV",".mov","35928611","34.264","D:\7Z-Magic\Projects\SCMC - Ras AlKhaima - UAE\Media & Resources\20 years anniversary\داتا السنوية\Prepare for 17th","CAMPAIGN","A","YES","2024-09-11 07:26:52",""
"D:\7Z-Magic\Projects\SCMC - Ras AlKhaima - UAE\Media & Resources","20 years anniversary\داتا السنوية\Prepare for 17th\IMG_6211.MOV","IMG_6211.MOV",".mov","19342563","18.447","D:\7Z-Magic\Projects\SCMC - Ras AlKhaima - UAE\Media & Resources\20 years anniversary\داتا السنوية\Prepare for 17th","CAMPAIGN","A","YES","2024-09-11 06:08:26",""
"D:\7Z-Magic\Projects\SCMC - Ras AlKhaima - UAE\Media & Resources","20 years anniversary\داتا السنوية\Prepare for 17th\IMG_6212.MOV","IMG_6212.MOV",".mov","34688088","33.081","D:\7Z-Magic\Projects\SCMC - Ras AlKhaima - UAE\Media & Resources\20 years anniversary\داتا السنوية\Prepare for 17th","CAMPAIGN","A","YES","2024-09-11 07:26:58",""
"D:\7Z-Magic\Projects\SCMC - Ras AlKhaima - UAE\Media & Resources","20 years anniversary\داتا السنوية\Prepare for 17th\IMG_6213.MOV","IMG_6213.MOV",".mov","36414352","34.727","D:\7Z-Magic\Projects\SCMC - Ras AlKhaima - UAE\Media & Resources\20 years anniversary\داتا السنوية\Prepare for 17th","CAMPAIGN","A","YES","2024-09-11 07:27:02",""
"D:\7Z-Magic\Projects\SCMC - Ras AlKhaima - UAE\Media & Resources","20 years anniversary\داتا السنوية\Prepare for 17th\IMG_6214.MOV","IMG_6214.MOV",".mov","23417824","22.333","D:\7Z-Magic\Projects\SCMC - Ras AlKhaima - UAE\Media & Resources\20 years anniversary\داتا السنوية\Prepare for 17th","CAMPAIGN","A","YES","2024-09-11 06:21:50",""
"D:\7Z-Magic\Projects\SCMC - Ras AlKhaima - UAE\Media & Resources","20 years anniversary\داتا السنوية\Prepare for 17th\IMG_6215.MOV","IMG_6215.MOV",".mov","6255298","5.966","D:\7Z-Magic\Projects\SCMC - Ras AlKhaima - UAE\Media & Resources\20 years anniversary\داتا السنوية\Prepare for 17th","CAMPAIGN","A","YES","2024-09-11 06:07:44",""
"D:\7Z-Magic\Projects\SCMC - Ras AlKhaima - UAE\Media & Resources","20 years anniversary\داتا السنوية\Prepare for 17th\IMG_6216.MOV","IMG_6216.MOV",".mov","28563127","27.24","D:\7Z-Magic\Projects\SCMC - Ras AlKhaima - UAE\Media & Resources\20 years anniversary\داتا السنوية\Prepare for 17th","CAMPAIGN","A","YES","2024-09-11 06:22:34",""
"D:\7Z-Magic\Projects\SCMC - Ras AlKhaima - UAE\Media & Resources","20 years anniversary\داتا السنوية\Prepare for 17th\IMG_6217.MOV","IMG_6217.MOV",".mov","11168464","10.651","D:\7Z-Magic\Projects\SCMC - Ras AlKhaima - UAE\Media & Resources\20 years anniversary\داتا السنوية\Prepare for 17th","CAMPAIGN","A","YES","2024-09-11 06:07:34",""
"D:\7Z-Magic\Projects\SCMC - Ras AlKhaima - UAE\Media & Resources","20 years anniversary\داتا السنوية\Prepare for 17th\IMG_6218.MOV","IMG_6218.MOV",".mov","17815808","16.99","D:\7Z-Magic\Projects\SCMC - Ras AlKhaima - UAE\Media & Resources\20 years anniversary\داتا السنوية\Prepare for 17th","CAMPAIGN","A","YES","2024-09-11 06:07:38",""
"D:\7Z-Magic\Projects\SCMC - Ras AlKhaima - UAE\Media & Resources","20 years anniversary\داتا السنوية\Prepare for 17th\IMG_6222.MOV","IMG_6222.MOV",".mov","34634827","33.03","D:\7Z-Magic\Projects\SCMC - Ras AlKhaima - UAE\Media & Resources\20 years anniversary\داتا السنوية\Prepare for 17th","CAMPAIGN","A","YES","2024-09-11 07:26:44",""
"D:\7Z-Magic\Projects\SCMC - Ras AlKhaima - UAE\Media & Resources","20 years anniversary\داتا السنوية\Prepare for 17th\IMG_6223.MOV","IMG_6223.MOV",".mov","14870689","14.182","D:\7Z-Magic\Projects\SCMC - Ras AlKhaima - UAE\Media & Resources\20 years anniversary\داتا السنوية\Prepare for 17th","CAMPAIGN","A","YES","2024-09-11 06:07:16",""
"D:\7Z-Magic\Projects\SCMC - Ras AlKhaima - UAE\Media & Resources","20 years anniversary\داتا السنوية\Prepare for 17th\IMG_6224.MOV","IMG_6224.MOV",".mov","21005721","20.033","D:\7Z-Magic\Projects\SCMC - Ras AlKhaima - UAE\Media & Resources\20 years anniversary\داتا السنوية\Prepare for 17th","CAMPAIGN","A","YES","2024-09-11 06:07:50",""
"D:\7Z-Magic\Projects\SCMC - Ras AlKhaima - UAE\Media & Resources","20 years anniversary\داتا السنوية\Prepare for 17th\IMG_6225.MOV","IMG_6225.MOV",".mov","21960084","20.943","D:\7Z-Magic\Projects\SCMC - Ras AlKhaima - UAE\Media & Resources\20 years anniversary\داتا السنوية\Prepare for 17th","CAMPAIGN","A","YES","2024-09-11 06:08:40",""
"D:\7Z-Magic\Projects\SCMC - Ras AlKhaima - UAE\Media & Resources","20 years anniversary\داتا السنوية\Prepare for 17th\IMG_6226.MOV","IMG_6226.MOV",".mov","17963756","17.132","D:\7Z-Magic\Projects\SCMC - Ras AlKhaima - UAE\Media & Resources\20 years anniversary\داتا السنوية\Prepare for 17th","CAMPAIGN","A","YES","2024-09-11 06:07:12",""
"D:\7Z-Magic\Projects\SCMC - Ras AlKhaima - UAE\Media & Resources","20 years anniversary\داتا السنوية\Prepare for 17th\IMG_6246.MOV","IMG_6246.MOV",".mov","21383075","20.392","D:\7Z-Magic\Projects\SCMC - Ras AlKhaima - UAE\Media & Resources\20 years anniversary\داتا السنوية\Prepare for 17th","CAMPAIGN","A","YES","2024-09-11 06:10:44",""
"D:\7Z-Magic\Projects\SCMC - Ras AlKhaima - UAE\Media & Resources","20 years anniversary\داتا السنوية\Prepare for 17th\IMG_6247.MOV","IMG_6247.MOV",".mov","20647486","19.691","D:\7Z-Magic\Projects\SCMC - Ras AlKhaima - UAE\Media & Resources\20 years anniversary\داتا السنوية\Prepare for 17th","CAMPAIGN","A","YES","2024-09-11 06:08:46",""
"D:\7Z-Magic\Projects\SCMC - Ras AlKhaima - UAE\Media & Resources","20 years anniversary\داتا السنوية\Prepare for 17th\IMG_6248.MOV","IMG_6248.MOV",".mov","24733446","23.588","D:\7Z-Magic\Projects\SCMC - Ras AlKhaima - UAE\Media & Resources\20 years anniversary\داتا السنوية\Prepare for 17th","CAMPAIGN","A","YES","2024-09-11 06:21:56",""
"D:\7Z-Magic\Projects\SCMC - Ras AlKhaima - UAE\Media & Resources","20 years anniversary\داتا السنوية\Prepare for 17th\IMG_6249.MOV","IMG_6249.MOV",".mov","26275575","25.058","D:\7Z-Magic\Projects\SCMC - Ras AlKhaima - UAE\Media & Resources\20 years anniversary\داتا السنوية\Prepare for 17th","CAMPAIGN","A","YES","2024-09-11 06:22:14",""
"D:\7Z-Magic\Projects\SCMC - Ras AlKhaima - UAE\Media & Resources","20 years anniversary\داتا السنوية\Prepare for 17th\IMG_6250.MOV","IMG_6250.MOV",".mov","17204077","16.407","D:\7Z-Magic\Projects\SCMC - Ras AlKhaima - UAE\Media & Resources\20 years anniversary\داتا السنوية\Prepare for 17th","CAMPAIGN","A","YES","2024-09-11 06:07:54",""
"D:\7Z-Magic\Projects\SCMC - Ras AlKhaima - UAE\Media & Resources","20 years anniversary\داتا السنوية\Prepare for 17th\IMG_6251.MOV","IMG_6251.MOV",".mov","1342509","1.28","D:\7Z-Magic\Projects\SCMC - Ras AlKhaima - UAE\Media & Resources\20 years anniversary\داتا السنوية\Prepare for 17th","CAMPAIGN","A","YES","2024-09-11 06:06:38",""
"D:\7Z-Magic\Projects\SCMC - Ras AlKhaima - UAE\Media & Resources","20 years anniversary\داتا السنوية\Prepare for 17th\IMG_6252.MOV","IMG_6252.MOV",".mov","12457179","11.88","D:\7Z-Magic\Projects\SCMC - Ras AlKhaima - UAE\Media & Resources\20 years anniversary\داتا السنوية\Prepare for 17th","CAMPAIGN","A","YES","2024-09-11 06:06:58",""
"D:\7Z-Magic\Projects\SCMC - Ras AlKhaima - UAE\Media & Resources","20 years anniversary\داتا السنوية\Prepare for 17th\IMG_6253.MOV","IMG_6253.MOV",".mov","14305309","13.643","D:\7Z-Magic\Projects\SCMC - Ras AlKhaima - UAE\Media & Resources\20 years anniversary\داتا السنوية\Prepare for 17th","CAMPAIGN","A","YES","2024-09-11 06:07:08",""
"D:\7Z-Magic\Projects\SCMC - Ras AlKhaima - UAE\Media & Resources","20 years anniversary\داتا السنوية\Prepare for 17th\IMG_6254.MOV","IMG_6254.MOV",".mov","19924627","19.002","D:\7Z-Magic\Projects\SCMC - Ras AlKhaima - UAE\Media & Resources\20 years anniversary\داتا السنوية\Prepare for 17th","CAMPAIGN","A","YES","2024-09-11 06:08:00",""
"D:\7Z-Magic\Projects\SCMC - Ras AlKhaima - UAE\Media & Resources","20 years anniversary\داتا السنوية\Prepare for 17th\IMG_6255.MOV","IMG_6255.MOV",".mov","20739635","19.779","D:\7Z-Magic\Projects\SCMC - Ras AlKhaima - UAE\Media & Resources\20 years anniversary\داتا السنوية\Prepare for 17th","CAMPAIGN","A","YES","2024-09-11 06:09:00",""
"D:\7Z-Magic\Projects\SCMC - Ras AlKhaima - UAE\Media & Resources","20 years anniversary\داتا السنوية\Prepare for 17th\IMG_6256.MOV","IMG_6256.MOV",".mov","16384071","15.625","D:\7Z-Magic\Projects\SCMC - Ras AlKhaima - UAE\Media & Resources\20 years anniversary\داتا السنوية\Prepare for 17th","CAMPAIGN","A","YES","2024-09-11 06:07:22",""
"D:\7Z-Magic\Projects\SCMC - Ras AlKhaima - UAE\Media & Resources","20 years anniversary\داتا السنوية\Prepare for 17th\Photos\IMG_6123.HEIC","IMG_6123.HEIC",".heic","804008","0.767","D:\7Z-Magic\Projects\SCMC - Ras AlKhaima - UAE\Media & Resources\20 years anniversary\داتا السنوية\Prepare for 17th\Photos","CAMPAIGN","A","YES","2024-09-11 06:32:04",""
"D:\7Z-Magic\Projects\SCMC - Ras AlKhaima - UAE\Media & Resources","20 years anniversary\داتا السنوية\Prepare for 17th\Photos\IMG_6124.HEIC","IMG_6124.HEIC",".heic","800475","0.763","D:\7Z-Magic\Projects\SCMC - Ras AlKhaima - UAE\Media & Resources\20 years anniversary\داتا السنوية\Prepare for 17th\Photos","CAMPAIGN","A","YES","2024-09-11 06:32:00",""
"D:\7Z-Magic\Projects\SCMC - Ras AlKhaima - UAE\Media & Resources","20 years anniversary\داتا السنوية\Prepare for 17th\Photos\IMG_6125.HEIC","IMG_6125.HEIC",".heic","792610","0.756","D:\7Z-Magic\Projects\SCMC - Ras AlKhaima - UAE\Media & Resources\20 years anniversary\داتا السنوية\Prepare for 17th\Photos","CAMPAIGN","A","YES","2024-09-11 06:31:56",""
"D:\7Z-Magic\Projects\SCMC - Ras AlKhaima - UAE\Media & Resources","20 years anniversary\داتا السنوية\Prepare for 17th\Photos\IMG_6126.HEIC","IMG_6126.HEIC",".heic","785654","0.749","D:\7Z-Magic\Projects\SCMC - Ras AlKhaima - UAE\Media & Resources\20 years anniversary\داتا السنوية\Prepare for 17th\Photos","CAMPAIGN","A","YES","2024-09-11 06:31:50",""
"D:\7Z-Magic\Projects\SCMC - Ras AlKhaima - UAE\Media & Resources","20 years anniversary\داتا السنوية\Prepare for 17th\Photos\IMG_6127.HEIC","IMG_6127.HEIC",".heic","803567","0.766","D:\7Z-Magic\Projects\SCMC - Ras AlKhaima - UAE\Media & Resources\20 years anniversary\داتا السنوية\Prepare for 17th\Photos","CAMPAIGN","A","YES","2024-09-11 06:32:08",""
"D:\7Z-Magic\Projects\SCMC - Ras AlKhaima - UAE\Media & Resources","20 years anniversary\داتا السنوية\Prepare for 17th\Photos\IMG_6128.HEIC","IMG_6128.HEIC",".heic","804860","0.768","D:\7Z-Magic\Projects\SCMC - Ras AlKhaima - UAE\Media & Resources\20 years anniversary\داتا السنوية\Prepare for 17th\Photos","CAMPAIGN","A","YES","2024-09-11 06:32:12",""
"D:\7Z-Magic\Projects\SCMC - Ras AlKhaima - UAE\Media & Resources","20 years anniversary\داتا السنوية\Prepare for 17th\Photos\IMG_6129.HEIC","IMG_6129.HEIC",".heic","811500","0.774","D:\7Z-Magic\Projects\SCMC - Ras AlKhaima - UAE\Media & Resources\20 years anniversary\داتا السنوية\Prepare for 17th\Photos","CAMPAIGN","A","YES","2024-09-11 06:32:20",""
"D:\7Z-Magic\Projects\SCMC - Ras AlKhaima - UAE\Media & Resources","20 years anniversary\داتا السنوية\Prepare for 17th\Photos\IMG_6130.HEIC","IMG_6130.HEIC",".heic","807607","0.77","D:\7Z-Magic\Projects\SCMC - Ras AlKhaima - UAE\Media & Resources\20 years anniversary\داتا السنوية\Prepare for 17th\Photos","CAMPAIGN","A","YES","2024-09-11 06:32:16",""
"D:\7Z-Magic\Projects\SCMC - Ras AlKhaima - UAE\Media & Resources","20 years anniversary\داتا السنوية\Prepare for 17th\Photos\IMG_6131.HEIC","IMG_6131.HEIC",".heic","1885003","1.798","D:\7Z-Magic\Projects\SCMC - Ras AlKhaima - UAE\Media & Resources\20 years anniversary\داتا السنوية\Prepare for 17th\Photos","CAMPAIGN","A","YES","2024-09-11 07:25:58",""
"D:\7Z-Magic\Projects\SCMC - Ras AlKhaima - UAE\Media & Resources","20 years anniversary\داتا السنوية\Prepare for 17th\Photos\IMG_6132.HEIC","IMG_6132.HEIC",".heic","1861665","1.775","D:\7Z-Magic\Projects\SCMC - Ras AlKhaima - UAE\Media & Resources\20 years anniversary\داتا السنوية\Prepare for 17th\Photos","CAMPAIGN","A","YES","2024-09-11 07:25:54",""
"D:\7Z-Magic\Projects\SCMC - Ras AlKhaima - UAE\Media & Resources","20 years anniversary\داتا السنوية\Prepare for 17th\Photos\IMG_6133.HEIC","IMG_6133.HEIC",".heic","1848312","1.763","D:\7Z-Magic\Projects\SCMC - Ras AlKhaima - UAE\Media & Resources\20 years anniversary\داتا السنوية\Prepare for 17th\Photos","CAMPAIGN","A","YES","2024-09-11 07:25:48",""
"D:\7Z-Magic\Projects\SCMC - Ras AlKhaima - UAE\Media & Resources","20 years anniversary\داتا السنوية\Prepare for 17th\Photos\IMG_6134.HEIC","IMG_6134.HEIC",".heic","2011948","1.919","D:\7Z-Magic\Projects\SCMC - Ras AlKhaima - UAE\Media & Resources\20 years anniversary\داتا السنوية\Prepare for 17th\Photos","CAMPAIGN","A","YES","2024-09-11 07:26:28",""
"D:\7Z-Magic\Projects\SCMC - Ras AlKhaima - UAE\Media & Resources","20 years anniversary\داتا السنوية\Prepare for 17th\Photos\IMG_6135.HEIC","IMG_6135.HEIC",".heic","1960006","1.869","D:\7Z-Magic\Projects\SCMC - Ras AlKhaima - UAE\Media & Resources\20 years anniversary\داتا السنوية\Prepare for 17th\Photos","CAMPAIGN","A","YES","2024-09-11 07:26:18",""
"D:\7Z-Magic\Projects\SCMC - Ras AlKhaima - UAE\Media & Resources","20 years anniversary\داتا السنوية\Prepare for 17th\Photos\IMG_6136.HEIC","IMG_6136.HEIC",".heic","1985421","1.893","D:\7Z-Magic\Projects\SCMC - Ras AlKhaima - UAE\Media & Resources\20 years anniversary\داتا السنوية\Prepare for 17th\Photos","CAMPAIGN","A","YES","2024-09-11 07:26:24",""
"D:\7Z-Magic\Projects\SCMC - Ras AlKhaima - UAE\Media & Resources","20 years anniversary\داتا السنوية\Prepare for 17th\Photos\IMG_6137.HEIC","IMG_6137.HEIC",".heic","1958145","1.867","D:\7Z-Magic\Projects\SCMC - Ras AlKhaima - UAE\Media & Resources\20 years anniversary\داتا السنوية\Prepare for 17th\Photos","CAMPAIGN","A","YES","2024-09-11 07:26:12",""
"D:\7Z-Magic\Projects\SCMC - Ras AlKhaima - UAE\Media & Resources","20 years anniversary\داتا السنوية\Prepare for 17th\Photos\IMG_6138.HEIC","IMG_6138.HEIC",".heic","861438","0.822","D:\7Z-Magic\Projects\SCMC - Ras AlKhaima - UAE\Media & Resources\20 years anniversary\داتا السنوية\Prepare for 17th\Photos","CAMPAIGN","A","YES","2024-09-11 06:33:24",""
"D:\7Z-Magic\Projects\SCMC - Ras AlKhaima - UAE\Media & Resources","20 years anniversary\داتا السنوية\Prepare for 17th\Photos\IMG_6139.HEIC","IMG_6139.HEIC",".heic","860841","0.821","D:\7Z-Magic\Projects\SCMC - Ras AlKhaima - UAE\Media & Resources\20 years anniversary\داتا السنوية\Prepare for 17th\Photos","CAMPAIGN","A","YES","2024-09-11 06:33:16",""
"D:\7Z-Magic\Projects\SCMC - Ras AlKhaima - UAE\Media & Resources","20 years anniversary\داتا السنوية\Prepare for 17th\Photos\IMG_6140.HEIC","IMG_6140.HEIC",".heic","1953069","1.863","D:\7Z-Magic\Projects\SCMC - Ras AlKhaima - UAE\Media & Resources\20 years anniversary\داتا السنوية\Prepare for 17th\Photos","CAMPAIGN","A","YES","2024-09-11 07:26:08",""
"D:\7Z-Magic\Projects\SCMC - Ras AlKhaima - UAE\Media & Resources","20 years anniversary\داتا السنوية\Prepare for 17th\Photos\IMG_6141.HEIC","IMG_6141.HEIC",".heic","1913386","1.825","D:\7Z-Magic\Projects\SCMC - Ras AlKhaima - UAE\Media & Resources\20 years anniversary\داتا السنوية\Prepare for 17th\Photos","CAMPAIGN","A","YES","2024-09-11 07:26:02",""
"D:\7Z-Magic\Projects\SCMC - Ras AlKhaima - UAE\Media & Resources","20 years anniversary\داتا السنوية\Prepare for 17th\Photos\IMG_6142.HEIC","IMG_6142.HEIC",".heic","1879728","1.793","D:\7Z-Magic\Projects\SCMC - Ras AlKhaima - UAE\Media & Resources\20 years anniversary\داتا السنوية\Prepare for 17th\Photos","CAMPAIGN","A","YES","2024-09-11 07:25:44",""
"D:\7Z-Magic\Projects\SCMC - Ras AlKhaima - UAE\Media & Resources","20 years anniversary\داتا السنوية\Prepare for 17th\Photos\IMG_6144.HEIC","IMG_6144.HEIC",".heic","1029997","0.982","D:\7Z-Magic\Projects\SCMC - Ras AlKhaima - UAE\Media & Resources\20 years anniversary\داتا السنوية\Prepare for 17th\Photos","CAMPAIGN","A","YES","2024-09-11 06:33:46",""
"D:\7Z-Magic\Projects\SCMC - Ras AlKhaima - UAE\Media & Resources","20 years anniversary\داتا السنوية\Prepare for 17th\Photos\IMG_6145.HEIC","IMG_6145.HEIC",".heic","1150898","1.098","D:\7Z-Magic\Projects\SCMC - Ras AlKhaima - UAE\Media & Resources\20 years anniversary\داتا السنوية\Prepare for 17th\Photos","CAMPAIGN","A","YES","2024-09-11 06:34:22",""
"D:\7Z-Magic\Projects\SCMC - Ras AlKhaima - UAE\Media & Resources","20 years anniversary\داتا السنوية\Prepare for 17th\Photos\IMG_6146.HEIC","IMG_6146.HEIC",".heic","1160319","1.107","D:\7Z-Magic\Projects\SCMC - Ras AlKhaima - UAE\Media & Resources\20 years anniversary\داتا السنوية\Prepare for 17th\Photos","CAMPAIGN","A","YES","2024-09-11 06:34:32",""
"D:\7Z-Magic\Projects\SCMC - Ras AlKhaima - UAE\Media & Resources","20 years anniversary\داتا السنوية\Prepare for 17th\Photos\IMG_6147.HEIC","IMG_6147.HEIC",".heic","1151910","1.099","D:\7Z-Magic\Projects\SCMC - Ras AlKhaima - UAE\Media & Resources\20 years anniversary\داتا السنوية\Prepare for 17th\Photos","CAMPAIGN","A","YES","2024-09-11 06:34:28",""
"D:\7Z-Magic\Projects\SCMC - Ras AlKhaima - UAE\Media & Resources","20 years anniversary\داتا السنوية\Prepare for 17th\Photos\IMG_6148.HEIC","IMG_6148.HEIC",".heic","1211620","1.155","D:\7Z-Magic\Projects\SCMC - Ras AlKhaima - UAE\Media & Resources\20 years anniversary\داتا السنوية\Prepare for 17th\Photos","CAMPAIGN","A","YES","2024-09-11 07:07:44",""
"D:\7Z-Magic\Projects\SCMC - Ras AlKhaima - UAE\Media & Resources","20 years anniversary\داتا السنوية\Prepare for 17th\Photos\IMG_6149.HEIC","IMG_6149.HEIC",".heic","1185620","1.131","D:\7Z-Magic\Projects\SCMC - Ras AlKhaima - UAE\Media & Resources\20 years anniversary\داتا السنوية\Prepare for 17th\Photos","CAMPAIGN","A","YES","2024-09-11 07:07:34",""
"D:\7Z-Magic\Projects\SCMC - Ras AlKhaima - UAE\Media & Resources","20 years anniversary\داتا السنوية\Prepare for 17th\Photos\IMG_6150.HEIC","IMG_6150.HEIC",".heic","1167861","1.114","D:\7Z-Magic\Projects\SCMC - Ras AlKhaima - UAE\Media & Resources\20 years anniversary\داتا السنوية\Prepare for 17th\Photos","CAMPAIGN","A","YES","2024-09-11 07:07:24",""
"D:\7Z-Magic\Projects\SCMC - Ras AlKhaima - UAE\Media & Resources","20 years anniversary\داتا السنوية\Prepare for 17th\Photos\IMG_6151.HEIC","IMG_6151.HEIC",".heic","1273542","1.215","D:\7Z-Magic\Projects\SCMC - Ras AlKhaima - UAE\Media & Resources\20 years anniversary\داتا السنوية\Prepare for 17th\Photos","CAMPAIGN","A","YES","2024-09-11 07:25:26",""
"D:\7Z-Magic\Projects\SCMC - Ras AlKhaima - UAE\Media & Resources","20 years anniversary\داتا السنوية\Prepare for 17th\Photos\IMG_6152.HEIC","IMG_6152.HEIC",".heic","1298175","1.238","D:\7Z-Magic\Projects\SCMC - Ras AlKhaima - UAE\Media & Resources\20 years anniversary\داتا السنوية\Prepare for 17th\Photos","CAMPAIGN","A","YES","2024-09-11 07:25:40",""
"D:\7Z-Magic\Projects\SCMC - Ras AlKhaima - UAE\Media & Resources","20 years anniversary\داتا السنوية\Prepare for 17th\Photos\IMG_6157.HEIC","IMG_6157.HEIC",".heic","932309","0.889","D:\7Z-Magic\Projects\SCMC - Ras AlKhaima - UAE\Media & Resources\20 years anniversary\داتا السنوية\Prepare for 17th\Photos","CAMPAIGN","A","YES","2024-09-11 06:33:42",""
"D:\7Z-Magic\Projects\SCMC - Ras AlKhaima - UAE\Media & Resources","20 years anniversary\داتا السنوية\Prepare for 17th\Photos\IMG_6158.HEIC","IMG_6158.HEIC",".heic","1050737","1.002","D:\7Z-Magic\Projects\SCMC - Ras AlKhaima - UAE\Media & Resources\20 years anniversary\داتا السنوية\Prepare for 17th\Photos","CAMPAIGN","A","YES","2024-09-11 06:33:50",""
"D:\7Z-Magic\Projects\SCMC - Ras AlKhaima - UAE\Media & Resources","20 years anniversary\داتا السنوية\Prepare for 17th\Photos\IMG_6159.HEIC","IMG_6159.HEIC",".heic","1055997","1.007","D:\7Z-Magic\Projects\SCMC - Ras AlKhaima - UAE\Media & Resources\20 years anniversary\داتا السنوية\Prepare for 17th\Photos","CAMPAIGN","A","YES","2024-09-11 06:33:54",""
"D:\7Z-Magic\Projects\SCMC - Ras AlKhaima - UAE\Media & Resources","20 years anniversary\داتا السنوية\Prepare for 17th\Photos\IMG_6160.HEIC","IMG_6160.HEIC",".heic","1066280","1.017","D:\7Z-Magic\Projects\SCMC - Ras AlKhaima - UAE\Media & Resources\20 years anniversary\داتا السنوية\Prepare for 17th\Photos","CAMPAIGN","A","YES","2024-09-11 06:34:04",""
"D:\7Z-Magic\Projects\SCMC - Ras AlKhaima - UAE\Media & Resources","20 years anniversary\داتا السنوية\Prepare for 17th\Photos\IMG_6161.HEIC","IMG_6161.HEIC",".heic","1060877","1.012","D:\7Z-Magic\Projects\SCMC - Ras AlKhaima - UAE\Media & Resources\20 years anniversary\داتا السنوية\Prepare for 17th\Photos","CAMPAIGN","A","YES","2024-09-11 06:34:00",""
"D:\7Z-Magic\Projects\SCMC - Ras AlKhaima - UAE\Media & Resources","20 years anniversary\داتا السنوية\Prepare for 17th\Photos\IMG_6163.HEIC","IMG_6163.HEIC",".heic","778179","0.742","D:\7Z-Magic\Projects\SCMC - Ras AlKhaima - UAE\Media & Resources\20 years anniversary\داتا السنوية\Prepare for 17th\Photos","CAMPAIGN","A","YES","2024-09-11 06:31:28",""
"D:\7Z-Magic\Projects\SCMC - Ras AlKhaima - UAE\Media & Resources","20 years anniversary\داتا السنوية\Prepare for 17th\Photos\IMG_6164.HEIC","IMG_6164.HEIC",".heic","781569","0.745","D:\7Z-Magic\Projects\SCMC - Ras AlKhaima - UAE\Media & Resources\20 years anniversary\داتا السنوية\Prepare for 17th\Photos","CAMPAIGN","A","YES","2024-09-11 06:31:34",""
"D:\7Z-Magic\Projects\SCMC - Ras AlKhaima - UAE\Media & Resources","20 years anniversary\داتا السنوية\Prepare for 17th\Photos\IMG_6165.HEIC","IMG_6165.HEIC",".heic","778089","0.742","D:\7Z-Magic\Projects\SCMC - Ras AlKhaima - UAE\Media & Resources\20 years anniversary\داتا السنوية\Prepare for 17th\Photos","CAMPAIGN","A","YES","2024-09-11 06:31:42",""
"D:\7Z-Magic\Projects\SCMC - Ras AlKhaima - UAE\Media & Resources","20 years anniversary\داتا السنوية\Prepare for 17th\Photos\IMG_6166.HEIC","IMG_6166.HEIC",".heic","760497","0.725","D:\7Z-Magic\Projects\SCMC - Ras AlKhaima - UAE\Media & Resources\20 years anniversary\داتا السنوية\Prepare for 17th\Photos","CAMPAIGN","A","YES","2024-09-11 06:29:18",""
"D:\7Z-Magic\Projects\SCMC - Ras AlKhaima - UAE\Media & Resources","20 years anniversary\داتا السنوية\Prepare for 17th\Photos\IMG_6167.HEIC","IMG_6167.HEIC",".heic","741188","0.707","D:\7Z-Magic\Projects\SCMC - Ras AlKhaima - UAE\Media & Resources\20 years anniversary\داتا السنوية\Prepare for 17th\Photos","CAMPAIGN","A","YES","2024-09-11 06:22:50",""
"D:\7Z-Magic\Projects\SCMC - Ras AlKhaima - UAE\Media & Resources","20 years anniversary\داتا السنوية\Prepare for 17th\Photos\IMG_6168.HEIC","IMG_6168.HEIC",".heic","740194","0.706","D:\7Z-Magic\Projects\SCMC - Ras AlKhaima - UAE\Media & Resources\20 years anniversary\داتا السنوية\Prepare for 17th\Photos","CAMPAIGN","A","YES","2024-09-11 06:22:46",""
"D:\7Z-Magic\Projects\SCMC - Ras AlKhaima - UAE\Media & Resources","20 years anniversary\داتا السنوية\Prepare for 17th\Photos\IMG_6169.HEIC","IMG_6169.HEIC",".heic","735809","0.702","D:\7Z-Magic\Projects\SCMC - Ras AlKhaima - UAE\Media & Resources\20 years anniversary\داتا السنوية\Prepare for 17th\Photos","CAMPAIGN","A","YES","2024-09-11 06:22:44",""
"D:\7Z-Magic\Projects\SCMC - Ras AlKhaima - UAE\Media & Resources","20 years anniversary\داتا السنوية\Prepare for 17th\Photos\IMG_6170.HEIC","IMG_6170.HEIC",".heic","743932","0.709","D:\7Z-Magic\Projects\SCMC - Ras AlKhaima - UAE\Media & Resources\20 years anniversary\داتا السنوية\Prepare for 17th\Photos","CAMPAIGN","A","YES","2024-09-11 06:23:00",""
"D:\7Z-Magic\Projects\SCMC - Ras AlKhaima - UAE\Media & Resources","20 years anniversary\داتا السنوية\Prepare for 17th\Photos\IMG_6171.HEIC","IMG_6171.HEIC",".heic","748157","0.713","D:\7Z-Magic\Projects\SCMC - Ras AlKhaima - UAE\Media & Resources\20 years anniversary\داتا السنوية\Prepare for 17th\Photos","CAMPAIGN","A","YES","2024-09-11 06:23:14",""
"D:\7Z-Magic\Projects\SCMC - Ras AlKhaima - UAE\Media & Resources","20 years anniversary\داتا السنوية\Prepare for 17th\Photos\IMG_6172.HEIC","IMG_6172.HEIC",".heic","743674","0.709","D:\7Z-Magic\Projects\SCMC - Ras AlKhaima - UAE\Media & Resources\20 years anniversary\داتا السنوية\Prepare for 17th\Photos","CAMPAIGN","A","YES","2024-09-11 06:22:56",""
"D:\7Z-Magic\Projects\SCMC - Ras AlKhaima - UAE\Media & Resources","20 years anniversary\داتا السنوية\Prepare for 17th\Photos\IMG_6173.HEIC","IMG_6173.HEIC",".heic","763550","0.728","D:\7Z-Magic\Projects\SCMC - Ras AlKhaima - UAE\Media & Resources\20 years anniversary\داتا السنوية\Prepare for 17th\Photos","CAMPAIGN","A","YES","2024-09-11 06:29:48",""
"D:\7Z-Magic\Projects\SCMC - Ras AlKhaima - UAE\Media & Resources","20 years anniversary\داتا السنوية\Prepare for 17th\Photos\IMG_6174.HEIC","IMG_6174.HEIC",".heic","772197","0.736","D:\7Z-Magic\Projects\SCMC - Ras AlKhaima - UAE\Media & Resources\20 years anniversary\داتا السنوية\Prepare for 17th\Photos","CAMPAIGN","A","YES","2024-09-11 06:31:20",""
"D:\7Z-Magic\Projects\SCMC - Ras AlKhaima - UAE\Media & Resources","20 years anniversary\داتا السنوية\Prepare for 17th\Photos\IMG_6175.HEIC","IMG_6175.HEIC",".heic","774471","0.739","D:\7Z-Magic\Projects\SCMC - Ras AlKhaima - UAE\Media & Resources\20 years anniversary\داتا السنوية\Prepare for 17th\Photos","CAMPAIGN","A","YES","2024-09-11 06:31:16",""
"D:\7Z-Magic\Projects\SCMC - Ras AlKhaima - UAE\Media & Resources","20 years anniversary\داتا السنوية\Prepare for 17th\Photos\IMG_6176.HEIC","IMG_6176.HEIC",".heic","769904","0.734","D:\7Z-Magic\Projects\SCMC - Ras AlKhaima - UAE\Media & Resources\20 years anniversary\داتا السنوية\Prepare for 17th\Photos","CAMPAIGN","A","YES","2024-09-11 06:31:24",""
"D:\7Z-Magic\Projects\SCMC - Ras AlKhaima - UAE\Media & Resources","20 years anniversary\داتا السنوية\Prepare for 17th\Photos\IMG_6177.HEIC","IMG_6177.HEIC",".heic","774362","0.738","D:\7Z-Magic\Projects\SCMC - Ras AlKhaima - UAE\Media & Resources\20 years anniversary\داتا السنوية\Prepare for 17th\Photos","CAMPAIGN","A","YES","2024-09-11 06:31:38",""
"D:\7Z-Magic\Projects\SCMC - Ras AlKhaima - UAE\Media & Resources","20 years anniversary\داتا السنوية\Prepare for 17th\Photos\IMG_6178.HEIC","IMG_6178.HEIC",".heic","747956","0.713","D:\7Z-Magic\Projects\SCMC - Ras AlKhaima - UAE\Media & Resources\20 years anniversary\داتا السنوية\Prepare for 17th\Photos","CAMPAIGN","A","YES","2024-09-11 06:23:04",""
"D:\7Z-Magic\Projects\SCMC - Ras AlKhaima - UAE\Media & Resources","20 years anniversary\داتا السنوية\Prepare for 17th\Photos\IMG_6179.HEIC","IMG_6179.HEIC",".heic","747499","0.713","D:\7Z-Magic\Projects\SCMC - Ras AlKhaima - UAE\Media & Resources\20 years anniversary\داتا السنوية\Prepare for 17th\Photos","CAMPAIGN","A","YES","2024-09-11 06:23:10",""
"D:\7Z-Magic\Projects\SCMC - Ras AlKhaima - UAE\Media & Resources","20 years anniversary\داتا السنوية\Prepare for 17th\Photos\IMG_6180.HEIC","IMG_6180.HEIC",".heic","752965","0.718","D:\7Z-Magic\Projects\SCMC - Ras AlKhaima - UAE\Media & Resources\20 years anniversary\داتا السنوية\Prepare for 17th\Photos","CAMPAIGN","A","YES","2024-09-11 06:29:06",""
"D:\7Z-Magic\Projects\SCMC - Ras AlKhaima - UAE\Media & Resources","20 years anniversary\داتا السنوية\Prepare for 17th\Photos\IMG_6181.HEIC","IMG_6181.HEIC",".heic","751305","0.717","D:\7Z-Magic\Projects\SCMC - Ras AlKhaima - UAE\Media & Resources\20 years anniversary\داتا السنوية\Prepare for 17th\Photos","CAMPAIGN","A","YES","2024-09-11 06:28:56",""
"D:\7Z-Magic\Projects\SCMC - Ras AlKhaima - UAE\Media & Resources","20 years anniversary\داتا السنوية\Prepare for 17th\Photos\IMG_6199.HEIC","IMG_6199.HEIC",".heic","757329","0.722","D:\7Z-Magic\Projects\SCMC - Ras AlKhaima - UAE\Media & Resources\20 years anniversary\داتا السنوية\Prepare for 17th\Photos","CAMPAIGN","A","YES","2024-09-11 06:29:40",""
"D:\7Z-Magic\Projects\SCMC - Ras AlKhaima - UAE\Media & Resources","20 years anniversary\داتا السنوية\Prepare for 17th\Photos\IMG_6200.HEIC","IMG_6200.HEIC",".heic","763019","0.728","D:\7Z-Magic\Projects\SCMC - Ras AlKhaima - UAE\Media & Resources\20 years anniversary\داتا السنوية\Prepare for 17th\Photos","CAMPAIGN","A","YES","2024-09-11 06:29:52",""
"D:\7Z-Magic\Projects\SCMC - Ras AlKhaima - UAE\Media & Resources","20 years anniversary\داتا السنوية\Prepare for 17th\Photos\IMG_6201.HEIC","IMG_6201.HEIC",".heic","764464","0.729","D:\7Z-Magic\Projects\SCMC - Ras AlKhaima - UAE\Media & Resources\20 years anniversary\داتا السنوية\Prepare for 17th\Photos","CAMPAIGN","A","YES","2024-09-11 06:29:56",""
"D:\7Z-Magic\Projects\SCMC - Ras AlKhaima - UAE\Media & Resources","20 years anniversary\داتا السنوية\Prepare for 17th\Photos\IMG_6202.HEIC","IMG_6202.HEIC",".heic","749724","0.715","D:\7Z-Magic\Projects\SCMC - Ras AlKhaima - UAE\Media & Resources\20 years anniversary\داتا السنوية\Prepare for 17th\Photos","CAMPAIGN","A","YES","2024-09-11 06:29:26",""
"D:\7Z-Magic\Projects\SCMC - Ras AlKhaima - UAE\Media & Resources","20 years anniversary\داتا السنوية\Prepare for 17th\Photos\IMG_6203.HEIC","IMG_6203.HEIC",".heic","749776","0.715","D:\7Z-Magic\Projects\SCMC - Ras AlKhaima - UAE\Media & Resources\20 years anniversary\داتا السنوية\Prepare for 17th\Photos","CAMPAIGN","A","YES","2024-09-11 06:29:10",""
"D:\7Z-Magic\Projects\SCMC - Ras AlKhaima - UAE\Media & Resources","20 years anniversary\داتا السنوية\Prepare for 17th\Photos\IMG_6204.HEIC","IMG_6204.HEIC",".heic","760795","0.726","D:\7Z-Magic\Projects\SCMC - Ras AlKhaima - UAE\Media & Resources\20 years anniversary\داتا السنوية\Prepare for 17th\Photos","CAMPAIGN","A","YES","2024-09-11 06:29:44",""
"D:\7Z-Magic\Projects\SCMC - Ras AlKhaima - UAE\Media & Resources","20 years anniversary\داتا السنوية\Prepare for 17th\Photos\IMG_6205.HEIC","IMG_6205.HEIC",".heic","759027","0.724","D:\7Z-Magic\Projects\SCMC - Ras AlKhaima - UAE\Media & Resources\20 years anniversary\داتا السنوية\Prepare for 17th\Photos","CAMPAIGN","A","YES","2024-09-11 06:29:30",""
"D:\7Z-Magic\Projects\SCMC - Ras AlKhaima - UAE\Media & Resources","20 years anniversary\داتا السنوية\Prepare for 17th\Photos\IMG_6206.HEIC","IMG_6206.HEIC",".heic","750693","0.716","D:\7Z-Magic\Projects\SCMC - Ras AlKhaima - UAE\Media & Resources\20 years anniversary\داتا السنوية\Prepare for 17th\Photos","CAMPAIGN","A","YES","2024-09-11 06:28:48",""
"D:\7Z-Magic\Projects\SCMC - Ras AlKhaima - UAE\Media & Resources","20 years anniversary\داتا السنوية\Prepare for 17th\Photos\IMG_6207.HEIC","IMG_6207.HEIC",".heic","755229","0.72","D:\7Z-Magic\Projects\SCMC - Ras AlKhaima - UAE\Media & Resources\20 years anniversary\داتا السنوية\Prepare for 17th\Photos","CAMPAIGN","A","YES","2024-09-11 06:29:14",""
"D:\7Z-Magic\Projects\SCMC - Ras AlKhaima - UAE\Media & Resources","20 years anniversary\داتا السنوية\Prepare for 17th\Photos\IMG_6208.HEIC","IMG_6208.HEIC",".heic","755577","0.721","D:\7Z-Magic\Projects\SCMC - Ras AlKhaima - UAE\Media & Resources\20 years anniversary\داتا السنوية\Prepare for 17th\Photos","CAMPAIGN","A","YES","2024-09-11 06:29:22",""
"D:\7Z-Magic\Projects\SCMC - Ras AlKhaima - UAE\Media & Resources","20 years anniversary\داتا السنوية\Prepare for 17th\Photos\IMG_6219.HEIC","IMG_6219.HEIC",".heic","852632","0.813","D:\7Z-Magic\Projects\SCMC - Ras AlKhaima - UAE\Media & Resources\20 years anniversary\داتا السنوية\Prepare for 17th\Photos","CAMPAIGN","A","YES","2024-09-11 06:33:28",""
"D:\7Z-Magic\Projects\SCMC - Ras AlKhaima - UAE\Media & Resources","20 years anniversary\داتا السنوية\Prepare for 17th\Photos\IMG_6220.HEIC","IMG_6220.HEIC",".heic","866042","0.826","D:\7Z-Magic\Projects\SCMC - Ras AlKhaima - UAE\Media & Resources\20 years anniversary\داتا السنوية\Prepare for 17th\Photos","CAMPAIGN","A","YES","2024-09-11 06:33:32",""
"D:\7Z-Magic\Projects\SCMC - Ras AlKhaima - UAE\Media & Resources","20 years anniversary\داتا السنوية\Prepare for 17th\Photos\IMG_6221.HEIC","IMG_6221.HEIC",".heic","850856","0.811","D:\7Z-Magic\Projects\SCMC - Ras AlKhaima - UAE\Media & Resources\20 years anniversary\داتا السنوية\Prepare for 17th\Photos","CAMPAIGN","A","YES","2024-09-11 06:33:10",""
"D:\7Z-Magic\Projects\SCMC - Ras AlKhaima - UAE\Media & Resources","20 years anniversary\داتا السنوية\Prepare for 17th\Photos\IMG_6228.HEIC","IMG_6228.HEIC",".heic","855793","0.816","D:\7Z-Magic\Projects\SCMC - Ras AlKhaima - UAE\Media & Resources\20 years anniversary\داتا السنوية\Prepare for 17th\Photos","CAMPAIGN","A","YES","2024-09-11 06:33:02",""
"D:\7Z-Magic\Projects\SCMC - Ras AlKhaima - UAE\Media & Resources","20 years anniversary\داتا السنوية\Prepare for 17th\Photos\IMG_6229.HEIC","IMG_6229.HEIC",".heic","857489","0.818","D:\7Z-Magic\Projects\SCMC - Ras AlKhaima - UAE\Media & Resources\20 years anniversary\داتا السنوية\Prepare for 17th\Photos","CAMPAIGN","A","YES","2024-09-11 06:33:20",""
"D:\7Z-Magic\Projects\SCMC - Ras AlKhaima - UAE\Media & Resources","20 years anniversary\داتا السنوية\Prepare for 17th\Photos\IMG_6230.HEIC","IMG_6230.HEIC",".heic","854669","0.815","D:\7Z-Magic\Projects\SCMC - Ras AlKhaima - UAE\Media & Resources\20 years anniversary\داتا السنوية\Prepare for 17th\Photos","CAMPAIGN","A","YES","2024-09-11 06:33:06",""
"D:\7Z-Magic\Projects\SCMC - Ras AlKhaima - UAE\Media & Resources","20 years anniversary\داتا السنوية\Prepare for 17th\Photos\IMG_6231.HEIC","IMG_6231.HEIC",".heic","870523","0.83","D:\7Z-Magic\Projects\SCMC - Ras AlKhaima - UAE\Media & Resources\20 years anniversary\داتا السنوية\Prepare for 17th\Photos","CAMPAIGN","A","YES","2024-09-11 06:33:38",""
"D:\7Z-Magic\Projects\SCMC - Ras AlKhaima - UAE\Media & Resources","20 years anniversary\داتا السنوية\Prepare for 17th\Photos\IMG_6232.HEIC","IMG_6232.HEIC",".heic","828236","0.79","D:\7Z-Magic\Projects\SCMC - Ras AlKhaima - UAE\Media & Resources\20 years anniversary\داتا السنوية\Prepare for 17th\Photos","CAMPAIGN","A","YES","2024-09-11 06:32:34",""
"D:\7Z-Magic\Projects\SCMC - Ras AlKhaima - UAE\Media & Resources","20 years anniversary\داتا السنوية\Prepare for 17th\Photos\IMG_6233.HEIC","IMG_6233.HEIC",".heic","757639","0.723","D:\7Z-Magic\Projects\SCMC - Ras AlKhaima - UAE\Media & Resources\20 years anniversary\داتا السنوية\Prepare for 17th\Photos","CAMPAIGN","A","YES","2024-09-11 06:29:02",""
"D:\7Z-Magic\Projects\SCMC - Ras AlKhaima - UAE\Media & Resources","20 years anniversary\داتا السنوية\Prepare for 17th\Photos\IMG_6234.HEIC","IMG_6234.HEIC",".heic","754486","0.72","D:\7Z-Magic\Projects\SCMC - Ras AlKhaima - UAE\Media & Resources\20 years anniversary\داتا السنوية\Prepare for 17th\Photos","CAMPAIGN","A","YES","2024-09-11 06:28:52",""
"D:\7Z-Magic\Projects\SCMC - Ras AlKhaima - UAE\Media & Resources","20 years anniversary\داتا السنوية\Prepare for 17th\Photos\IMG_6235.HEIC","IMG_6235.HEIC",".heic","763557","0.728","D:\7Z-Magic\Projects\SCMC - Ras AlKhaima - UAE\Media & Resources\20 years anniversary\داتا السنوية\Prepare for 17th\Photos","CAMPAIGN","A","YES","2024-09-11 06:29:36",""
"D:\7Z-Magic\Projects\SCMC - Ras AlKhaima - UAE\Media & Resources","20 years anniversary\داتا السنوية\Prepare for 17th\Photos\IMG_6236.HEIC","IMG_6236.HEIC",".heic","829093","0.791","D:\7Z-Magic\Projects\SCMC - Ras AlKhaima - UAE\Media & Resources\20 years anniversary\داتا السنوية\Prepare for 17th\Photos","CAMPAIGN","A","YES","2024-09-11 06:32:58",""
"D:\7Z-Magic\Projects\SCMC - Ras AlKhaima - UAE\Media & Resources","20 years anniversary\داتا السنوية\Prepare for 17th\Photos\IMG_6237.HEIC","IMG_6237.HEIC",".heic","824569","0.786","D:\7Z-Magic\Projects\SCMC - Ras AlKhaima - UAE\Media & Resources\20 years anniversary\داتا السنوية\Prepare for 17th\Photos","CAMPAIGN","A","YES","2024-09-11 06:32:52",""
"D:\7Z-Magic\Projects\SCMC - Ras AlKhaima - UAE\Media & Resources","20 years anniversary\داتا السنوية\Prepare for 17th\Photos\IMG_6238.HEIC","IMG_6238.HEIC",".heic","818483","0.781","D:\7Z-Magic\Projects\SCMC - Ras AlKhaima - UAE\Media & Resources\20 years anniversary\داتا السنوية\Prepare for 17th\Photos","CAMPAIGN","A","YES","2024-09-11 06:32:38",""
"D:\7Z-Magic\Projects\SCMC - Ras AlKhaima - UAE\Media & Resources","20 years anniversary\داتا السنوية\Prepare for 17th\Photos\IMG_6239.HEIC","IMG_6239.HEIC",".heic","819758","0.782","D:\7Z-Magic\Projects\SCMC - Ras AlKhaima - UAE\Media & Resources\20 years anniversary\داتا السنوية\Prepare for 17th\Photos","CAMPAIGN","A","YES","2024-09-11 06:32:46",""
"D:\7Z-Magic\Projects\SCMC - Ras AlKhaima - UAE\Media & Resources","20 years anniversary\داتا السنوية\Prepare for 17th\Photos\IMG_6240.HEIC","IMG_6240.HEIC",".heic","817531","0.78","D:\7Z-Magic\Projects\SCMC - Ras AlKhaima - UAE\Media & Resources\20 years anniversary\داتا السنوية\Prepare for 17th\Photos","CAMPAIGN","A","YES","2024-09-11 06:32:42",""
"D:\7Z-Magic\Projects\SCMC - Ras AlKhaima - UAE\Media & Resources","20 years anniversary\داتا السنوية\Prepare for 17th\Photos\IMG_6241.HEIC","IMG_6241.HEIC",".heic","818465","0.781","D:\7Z-Magic\Projects\SCMC - Ras AlKhaima - UAE\Media & Resources\20 years anniversary\داتا السنوية\Prepare for 17th\Photos","CAMPAIGN","A","YES","2024-09-11 06:32:30",""
"D:\7Z-Magic\Projects\SCMC - Ras AlKhaima - UAE\Media & Resources","20 years anniversary\داتا السنوية\Prepare for 17th\Photos\IMG_6242.HEIC","IMG_6242.HEIC",".heic","815535","0.778","D:\7Z-Magic\Projects\SCMC - Ras AlKhaima - UAE\Media & Resources\20 years anniversary\داتا السنوية\Prepare for 17th\Photos","CAMPAIGN","A","YES","2024-09-11 06:32:24",""
"D:\7Z-Magic\Projects\SCMC - Ras AlKhaima - UAE\Media & Resources","20 years anniversary\داتا السنوية\Prepare for 17th\Photos\IMG_6243.HEIC","IMG_6243.HEIC",".heic","1286004","1.226","D:\7Z-Magic\Projects\SCMC - Ras AlKhaima - UAE\Media & Resources\20 years anniversary\داتا السنوية\Prepare for 17th\Photos","CAMPAIGN","A","YES","2024-09-11 07:25:30",""
"D:\7Z-Magic\Projects\SCMC - Ras AlKhaima - UAE\Media & Resources","20 years anniversary\داتا السنوية\Prepare for 17th\Photos\IMG_6244.HEIC","IMG_6244.HEIC",".heic","1286009","1.226","D:\7Z-Magic\Projects\SCMC - Ras AlKhaima - UAE\Media & Resources\20 years anniversary\داتا السنوية\Prepare for 17th\Photos","CAMPAIGN","A","YES","2024-09-11 07:25:34",""
"D:\7Z-Magic\Projects\SCMC - Ras AlKhaima - UAE\Media & Resources","20 years anniversary\داتا السنوية\Prepare for 17th\Photos\IMG_6245.HEIC","IMG_6245.HEIC",".heic","1181957","1.127","D:\7Z-Magic\Projects\SCMC - Ras AlKhaima - UAE\Media & Resources\20 years anniversary\داتا السنوية\Prepare for 17th\Photos","CAMPAIGN","A","YES","2024-09-11 07:07:30",""
"D:\7Z-Magic\Projects\SCMC - Ras AlKhaima - UAE\Media & Resources","20 years anniversary\داتا السنوية\Surprise\2024-09-11 12-06-48 NDE2 1920x1080 30fps.mov","2024-09-11 12-06-48 NDE2 1920x1080 30fps.mov",".mov","62168624","59.289","D:\7Z-Magic\Projects\SCMC - Ras AlKhaima - UAE\Media & Resources\20 years anniversary\داتا السنوية\Surprise","CAMPAIGN","A","YES","2024-09-11 06:04:28",""
"D:\7Z-Magic\Projects\SCMC - Ras AlKhaima - UAE\Media & Resources","20 years anniversary\داتا السنوية\Surprise\2024-09-11 12-07-45 NUJD 1920x1080 30fps.mov","2024-09-11 12-07-45 NUJD 1920x1080 30fps.mov",".mov","97073423","92.576","D:\7Z-Magic\Projects\SCMC - Ras AlKhaima - UAE\Media & Resources\20 years anniversary\داتا السنوية\Surprise","CAMPAIGN","A","YES","2024-09-11 06:04:40",""
"D:\7Z-Magic\Projects\SCMC - Ras AlKhaima - UAE\Media & Resources","20 years anniversary\داتا السنوية\Surprise\2024-09-11 12-09-02 RUQ0 1920x1080 30fps.mov","2024-09-11 12-09-02 RUQ0 1920x1080 30fps.mov",".mov","175051396","166.942","D:\7Z-Magic\Projects\SCMC - Ras AlKhaima - UAE\Media & Resources\20 years anniversary\داتا السنوية\Surprise","CAMPAIGN","A","YES","2024-09-11 06:05:02",""
"D:\7Z-Magic\Projects\SCMC - Ras AlKhaima - UAE\Media & Resources","20 years anniversary\داتا السنوية\Surprise\IMG_6020.MOV","IMG_6020.MOV",".mov","17086337","16.295","D:\7Z-Magic\Projects\SCMC - Ras AlKhaima - UAE\Media & Resources\20 years anniversary\داتا السنوية\Surprise","CAMPAIGN","A","YES","2024-09-11 06:03:24",""
"D:\7Z-Magic\Projects\SCMC - Ras AlKhaima - UAE\Media & Resources","20 years anniversary\داتا السنوية\Surprise\IMG_6021.MOV","IMG_6021.MOV",".mov","21907415","20.893","D:\7Z-Magic\Projects\SCMC - Ras AlKhaima - UAE\Media & Resources\20 years anniversary\داتا السنوية\Surprise","CAMPAIGN","A","YES","2024-09-11 06:03:36",""
"D:\7Z-Magic\Projects\SCMC - Ras AlKhaima - UAE\Media & Resources","20 years anniversary\داتا السنوية\Surprise\IMG_6022.MOV","IMG_6022.MOV",".mov","53283890","50.815","D:\7Z-Magic\Projects\SCMC - Ras AlKhaima - UAE\Media & Resources\20 years anniversary\داتا السنوية\Surprise","CAMPAIGN","A","YES","2024-09-11 06:04:08",""
"D:\7Z-Magic\Projects\SCMC - Ras AlKhaima - UAE\Media & Resources","20 years anniversary\داتا السنوية\Surprise\IMG_6023.MOV","IMG_6023.MOV",".mov","32028274","30.545","D:\7Z-Magic\Projects\SCMC - Ras AlKhaima - UAE\Media & Resources\20 years anniversary\داتا السنوية\Surprise","CAMPAIGN","A","YES","2024-09-11 06:03:42",""
"D:\7Z-Magic\Projects\SCMC - Ras AlKhaima - UAE\Media & Resources","20 years anniversary\داتا السنوية\Surprise\IMG_6024.MOV","IMG_6024.MOV",".mov","65385478","62.356","D:\7Z-Magic\Projects\SCMC - Ras AlKhaima - UAE\Media & Resources\20 years anniversary\داتا السنوية\Surprise","CAMPAIGN","A","YES","2024-09-11 06:04:18",""
"D:\7Z-Magic\Projects\SCMC - Ras AlKhaima - UAE\Media & Resources","20 years anniversary\داتا السنوية\Surprise\IMG_6025.MOV","IMG_6025.MOV",".mov","49591810","47.294","D:\7Z-Magic\Projects\SCMC - Ras AlKhaima - UAE\Media & Resources\20 years anniversary\داتا السنوية\Surprise","CAMPAIGN","A","YES","2024-09-11 06:03:50",""
"D:\7Z-Magic\Projects\SCMC - Ras AlKhaima - UAE\Media & Resources","20 years anniversary\داتا السنوية\Surprise\IMG_6026.MOV","IMG_6026.MOV",".mov","52618848","50.181","D:\7Z-Magic\Projects\SCMC - Ras AlKhaima - UAE\Media & Resources\20 years anniversary\داتا السنوية\Surprise","CAMPAIGN","A","YES","2024-09-11 06:04:00",""
"D:\7Z-Magic\Projects\SCMC - Ras AlKhaima - UAE\Media & Resources","20 years anniversary\داتا السنوية\Surprise\IMG_6028.MOV","IMG_6028.MOV",".mov","4915979","4.688","D:\7Z-Magic\Projects\SCMC - Ras AlKhaima - UAE\Media & Resources\20 years anniversary\داتا السنوية\Surprise","CAMPAIGN","A","YES","2024-09-11 06:03:30",""
"D:\7Z-Magic\Projects\SCMC - Ras AlKhaima - UAE\Media & Resources","20 years anniversary\داتا السنوية\videos\0820 (1).mp4","0820 (1).mp4",".mp4","106407696","101.478","D:\7Z-Magic\Projects\SCMC - Ras AlKhaima - UAE\Media & Resources\20 years anniversary\داتا السنوية\videos","CAMPAIGN","A","YES","2026-08-20 04:03:34",""
"D:\7Z-Magic\Projects\SCMC - Ras AlKhaima - UAE\Media & Resources","20 years anniversary\داتا السنوية\videos\0820.mp4","0820.mp4",".mp4","213679769","203.781","D:\7Z-Magic\Projects\SCMC - Ras AlKhaima - UAE\Media & Resources\20 years anniversary\داتا السنوية\videos","CAMPAIGN","A","YES","2026-08-20 03:59:40",""
"D:\7Z-Magic\Projects\SCMC - Ras AlKhaima - UAE\Media & Resources","20 years anniversary\داتا السنوية\videos\17b75738e96942ffa7ccd4332c41fcf3.MOV","17b75738e96942ffa7ccd4332c41fcf3.MOV",".mov","77283632","73.703","D:\7Z-Magic\Projects\SCMC - Ras AlKhaima - UAE\Media & Resources\20 years anniversary\داتا السنوية\videos","CAMPAIGN","A","YES","2026-04-03 01:30:56",""
"D:\7Z-Magic\Projects\SCMC - Ras AlKhaima - UAE\Media & Resources","20 years anniversary\داتا السنوية\videos\876b8b1469894ca9ab4a98c4614dd4cb.mov","876b8b1469894ca9ab4a98c4614dd4cb.mov",".mov","26051822","24.845","D:\7Z-Magic\Projects\SCMC - Ras AlKhaima - UAE\Media & Resources\20 years anniversary\داتا السنوية\videos","CAMPAIGN","A","YES","2026-05-04 08:24:58",""
"D:\7Z-Magic\Projects\SCMC - Ras AlKhaima - UAE\Media & Resources","20 years anniversary\داتا السنوية\videos\behind the scenes\1cac752d9b334af2adfc3e5b44b4af8e.MOV","1cac752d9b334af2adfc3e5b44b4af8e.MOV",".mov","28059491","26.76","D:\7Z-Magic\Projects\SCMC - Ras AlKhaima - UAE\Media & Resources\20 years anniversary\داتا السنوية\videos\behind the scenes","CAMPAIGN","A","YES","2024-12-24 04:20:18",""
"D:\7Z-Magic\Projects\SCMC - Ras AlKhaima - UAE\Media & Resources","20 years anniversary\داتا السنوية\videos\behind the scenes\IMG_3381.mov","IMG_3381.mov",".mov","27417978","26.148","D:\7Z-Magic\Projects\SCMC - Ras AlKhaima - UAE\Media & Resources\20 years anniversary\داتا السنوية\videos\behind the scenes","CAMPAIGN","A","YES","2024-12-24 04:20:16",""
"D:\7Z-Magic\Projects\SCMC - Ras AlKhaima - UAE\Media & Resources","20 years anniversary\داتا السنوية\videos\behind the scenes\IMG_5223.mov","IMG_5223.mov",".mov","28179233","26.874","D:\7Z-Magic\Projects\SCMC - Ras AlKhaima - UAE\Media & Resources\20 years anniversary\داتا السنوية\videos\behind the scenes","CAMPAIGN","A","YES","2024-12-24 04:20:18",""
"D:\7Z-Magic\Projects\SCMC - Ras AlKhaima - UAE\Media & Resources","20 years anniversary\داتا السنوية\videos\behind the scenes\IMG_5246.mov","IMG_5246.mov",".mov","14185672","13.529","D:\7Z-Magic\Projects\SCMC - Ras AlKhaima - UAE\Media & Resources\20 years anniversary\داتا السنوية\videos\behind the scenes","CAMPAIGN","A","YES","2024-12-24 04:19:58",""
"D:\7Z-Magic\Projects\SCMC - Ras AlKhaima - UAE\Media & Resources","20 years anniversary\داتا السنوية\videos\behind the scenes\IMG_8421.mov","IMG_8421.mov",".mov","21357547","20.368","D:\7Z-Magic\Projects\SCMC - Ras AlKhaima - UAE\Media & Resources\20 years anniversary\داتا السنوية\videos\behind the scenes","CAMPAIGN","A","YES","2024-12-24 04:20:12",""
"D:\7Z-Magic\Projects\SCMC - Ras AlKhaima - UAE\Media & Resources","20 years anniversary\داتا السنوية\videos\Copy of 17 yares V04.mp4","Copy of 17 yares V04.mp4",".mp4","107194062","102.228","D:\7Z-Magic\Projects\SCMC - Ras AlKhaima - UAE\Media & Resources\20 years anniversary\داتا السنوية\videos","CAMPAIGN","A","YES","2026-08-20 04:21:24",""
"D:\7Z-Magic\Projects\SCMC - Ras AlKhaima - UAE\Media & Resources","20 years anniversary\داتا السنوية\videos\Copy of ahlan 03 .mp4","Copy of ahlan 03 .mp4",".mp4","98405135","93.846","D:\7Z-Magic\Projects\SCMC - Ras AlKhaima - UAE\Media & Resources\20 years anniversary\داتا السنوية\videos","CAMPAIGN","A","YES","2026-08-20 04:31:04",""
"D:\7Z-Magic\Projects\SCMC - Ras AlKhaima - UAE\Media & Resources","20 years anniversary\داتا السنوية\videos\Copy of Copy of معايدة مدام حنان.mp4","Copy of Copy of معايدة مدام حنان.mp4",".mp4","24806688","23.658","D:\7Z-Magic\Projects\SCMC - Ras AlKhaima - UAE\Media & Resources\20 years anniversary\داتا السنوية\videos","CAMPAIGN","A","YES","2026-08-20 04:27:34",""
"D:\7Z-Magic\Projects\SCMC - Ras AlKhaima - UAE\Media & Resources","20 years anniversary\داتا السنوية\videos\Copy of Eid V02.mp4","Copy of Eid V02.mp4",".mp4","159145202","151.773","D:\7Z-Magic\Projects\SCMC - Ras AlKhaima - UAE\Media & Resources\20 years anniversary\داتا السنوية\videos","CAMPAIGN","A","YES","2026-08-20 04:31:40",""
"D:\7Z-Magic\Projects\SCMC - Ras AlKhaima - UAE\Media & Resources","20 years anniversary\داتا السنوية\videos\Copy of MOVIE NIGHT  V04.mp4","Copy of MOVIE NIGHT  V04.mp4",".mp4","185429753","176.84","D:\7Z-Magic\Projects\SCMC - Ras AlKhaima - UAE\Media & Resources\20 years anniversary\داتا السنوية\videos","CAMPAIGN","A","YES","2026-08-20 04:34:34",""
"D:\7Z-Magic\Projects\SCMC - Ras AlKhaima - UAE\Media & Resources","20 years anniversary\داتا السنوية\videos\Copy of افنت اسناتن كالابطال.mp4","Copy of افنت اسناتن كالابطال.mp4",".mp4","242610521","231.371","D:\7Z-Magic\Projects\SCMC - Ras AlKhaima - UAE\Media & Resources\20 years anniversary\داتا السنوية\videos","CAMPAIGN","A","YES","2026-08-20 04:05:04",""
"D:\7Z-Magic\Projects\SCMC - Ras AlKhaima - UAE\Media & Resources","20 years anniversary\داتا السنوية\videos\Copy of اكثر موقف - حنان ترجمة.mp4","Copy of اكثر موقف - حنان ترجمة.mp4",".mp4","123118771","117.415","D:\7Z-Magic\Projects\SCMC - Ras AlKhaima - UAE\Media & Resources\20 years anniversary\داتا السنوية\videos","CAMPAIGN","A","YES","2026-08-20 04:35:58",""
"D:\7Z-Magic\Projects\SCMC - Ras AlKhaima - UAE\Media & Resources","20 years anniversary\داتا السنوية\videos\Copy of اكثر موقف نائل متزجم.mp4","Copy of اكثر موقف نائل متزجم.mp4",".mp4","173114147","165.095","D:\7Z-Magic\Projects\SCMC - Ras AlKhaima - UAE\Media & Resources\20 years anniversary\داتا السنوية\videos","CAMPAIGN","A","YES","2026-08-20 04:35:34",""
"D:\7Z-Magic\Projects\SCMC - Ras AlKhaima - UAE\Media & Resources","20 years anniversary\داتا السنوية\videos\Copy of الام توزيع ورود01.mp4","Copy of الام توزيع ورود01.mp4",".mp4","142092146","135.51","D:\7Z-Magic\Projects\SCMC - Ras AlKhaima - UAE\Media & Resources\20 years anniversary\داتا السنوية\videos","CAMPAIGN","A","YES","2026-08-20 04:36:22",""
"D:\7Z-Magic\Projects\SCMC - Ras AlKhaima - UAE\Media & Resources","20 years anniversary\داتا السنوية\videos\Copy of اهلا رمضان.mp4","Copy of اهلا رمضان.mp4",".mp4","105688086","100.792","D:\7Z-Magic\Projects\SCMC - Ras AlKhaima - UAE\Media & Resources\20 years anniversary\داتا السنوية\videos","CAMPAIGN","A","YES","2026-08-20 04:36:50",""
"D:\7Z-Magic\Projects\SCMC - Ras AlKhaima - UAE\Media & Resources","20 years anniversary\داتا السنوية\videos\Copy of سؤال بيشنت تعقيم.mp4","Copy of سؤال بيشنت تعقيم.mp4",".mp4","67406451","64.284","D:\7Z-Magic\Projects\SCMC - Ras AlKhaima - UAE\Media & Resources\20 years anniversary\داتا السنوية\videos","CAMPAIGN","A","YES","2026-08-20 04:37:24",""
"D:\7Z-Magic\Projects\SCMC - Ras AlKhaima - UAE\Media & Resources","20 years anniversary\داتا السنوية\videos\Copy of ليش حنان ترجمة 02.mp4","Copy of ليش حنان ترجمة 02.mp4",".mp4","239679900","228.577","D:\7Z-Magic\Projects\SCMC - Ras AlKhaima - UAE\Media & Resources\20 years anniversary\داتا السنوية\videos","CAMPAIGN","A","YES","2026-08-20 04:37:48",""
"D:\7Z-Magic\Projects\SCMC - Ras AlKhaima - UAE\Media & Resources","20 years anniversary\داتا السنوية\videos\Copy of يوم العلم.mp4","Copy of يوم العلم.mp4",".mp4","57132642","54.486","D:\7Z-Magic\Projects\SCMC - Ras AlKhaima - UAE\Media & Resources\20 years anniversary\داتا السنوية\videos","CAMPAIGN","A","YES","2026-08-20 04:23:46",""
"D:\7Z-Magic\Projects\SCMC - Ras AlKhaima - UAE\Media & Resources","20 years anniversary\داتا السنوية\videos\copy_0CAEE7A8-9B2E-4740-A8B2-2B1367E48C06.MOV","copy_0CAEE7A8-9B2E-4740-A8B2-2B1367E48C06.MOV",".mov","94154989","89.793","D:\7Z-Magic\Projects\SCMC - Ras AlKhaima - UAE\Media & Resources\20 years anniversary\داتا السنوية\videos","CAMPAIGN","A","YES","2026-06-06 01:17:30",""
"D:\7Z-Magic\Projects\SCMC - Ras AlKhaima - UAE\Media & Resources","20 years anniversary\داتا السنوية\videos\copy_D70D68DA-D848-4862-A88E-EB243137801A.MOV","copy_D70D68DA-D848-4862-A88E-EB243137801A.MOV",".mov","64347994","61.367","D:\7Z-Magic\Projects\SCMC - Ras AlKhaima - UAE\Media & Resources\20 years anniversary\داتا السنوية\videos","CAMPAIGN","A","YES","2026-04-30 05:45:10",""
"D:\7Z-Magic\Projects\SCMC - Ras AlKhaima - UAE\Media & Resources","20 years anniversary\داتا السنوية\videos\copy_F975C09E-A107-43C3-BBD8-9CF3BF9677D2.MOV","copy_F975C09E-A107-43C3-BBD8-9CF3BF9677D2.MOV",".mov","58931335","56.201","D:\7Z-Magic\Projects\SCMC - Ras AlKhaima - UAE\Media & Resources\20 years anniversary\داتا السنوية\videos","CAMPAIGN","A","YES","2026-01-18 02:43:38",""
"D:\7Z-Magic\Projects\SCMC - Ras AlKhaima - UAE\Media & Resources","20 years anniversary\داتا السنوية\videos\DraftResource_1771435330.903205.MOV","DraftResource_1771435330.903205.MOV",".mov","76205703","72.675","D:\7Z-Magic\Projects\SCMC - Ras AlKhaima - UAE\Media & Resources\20 years anniversary\داتا السنوية\videos","CAMPAIGN","A","YES","2026-02-18 03:48:56",""
"D:\7Z-Magic\Projects\SCMC - Ras AlKhaima - UAE\Media & Resources","20 years anniversary\داتا السنوية\videos\IMG_5974.MP4","IMG_5974.MP4",".mp4","144397373","137.708","D:\7Z-Magic\Projects\SCMC - Ras AlKhaima - UAE\Media & Resources\20 years anniversary\داتا السنوية\videos","CAMPAIGN","A","YES","2026-08-20 05:12:02",""
"D:\7Z-Magic\Projects\SCMC - Ras AlKhaima - UAE\Media & Resources","20 years anniversary\داتا السنوية\videos\IMG_5975.MP4","IMG_5975.MP4",".mp4","109742417","104.659","D:\7Z-Magic\Projects\SCMC - Ras AlKhaima - UAE\Media & Resources\20 years anniversary\داتا السنوية\videos","CAMPAIGN","A","YES","2026-08-20 05:12:00",""
"D:\7Z-Magic\Projects\SCMC - Ras AlKhaima - UAE\Media & Resources","20 years anniversary\داتا السنوية\videos\IMG_5976.MP4","IMG_5976.MP4",".mp4","57097744","54.453","D:\7Z-Magic\Projects\SCMC - Ras AlKhaima - UAE\Media & Resources\20 years anniversary\داتا السنوية\videos","CAMPAIGN","A","YES","2026-08-20 05:11:50",""
"D:\7Z-Magic\Projects\SCMC - Ras AlKhaima - UAE\Media & Resources","20 years anniversary\داتا السنوية\videos\IMG_5977.MP4","IMG_5977.MP4",".mp4","132070820","125.953","D:\7Z-Magic\Projects\SCMC - Ras AlKhaima - UAE\Media & Resources\20 years anniversary\داتا السنوية\videos","CAMPAIGN","A","YES","2026-08-20 05:12:00",""
"D:\7Z-Magic\Projects\SCMC - Ras AlKhaima - UAE\Media & Resources","20 years anniversary\داتا السنوية\videos\IMG_6908.MP4","IMG_6908.MP4",".mp4","113613672","108.35","D:\7Z-Magic\Projects\SCMC - Ras AlKhaima - UAE\Media & Resources\20 years anniversary\داتا السنوية\videos","CAMPAIGN","A","YES","2025-11-30 00:26:24",""
"D:\7Z-Magic\Projects\SCMC - Ras AlKhaima - UAE\Media & Resources","20 years anniversary\داتا السنوية\videos\IMG_9719.MP4","IMG_9719.MP4",".mp4","183066538","174.586","D:\7Z-Magic\Projects\SCMC - Ras AlKhaima - UAE\Media & Resources\20 years anniversary\داتا السنوية\videos","CAMPAIGN","A","YES","2026-01-18 01:13:30",""
"D:\7Z-Magic\Projects\SCMC - Ras AlKhaima - UAE\Media & Resources","20 years anniversary\داتا السنوية\videos\VIDEO-2025-04-22-13-24-10.mp4","VIDEO-2025-04-22-13-24-10.mp4",".mp4","18004155","17.17","D:\7Z-Magic\Projects\SCMC - Ras AlKhaima - UAE\Media & Resources\20 years anniversary\داتا السنوية\videos","CAMPAIGN","A","YES","2025-04-19 06:53:28",""
"D:\7Z-Magic\Projects\SCMC - Ras AlKhaima - UAE\Media & Resources","20 years anniversary\داتا السنوية\videos\العروسه v2.MP4","العروسه v2.MP4",".mp4","636898880","607.394","D:\7Z-Magic\Projects\SCMC - Ras AlKhaima - UAE\Media & Resources\20 years anniversary\داتا السنوية\videos","CAMPAIGN","A","YES","2024-07-15 11:37:44",""
"D:\7Z-Magic\Projects\SCMC - Ras AlKhaima - UAE\Media & Resources","20 years anniversary\داتا السنوية\videos\يوم المرأة الاماراتية.mp4","يوم المرأة الاماراتية.mp4",".mp4","48445443","46.201","D:\7Z-Magic\Projects\SCMC - Ras AlKhaima - UAE\Media & Resources\20 years anniversary\داتا السنوية\videos","CAMPAIGN","A","YES","2024-08-28 02:40:28",""
"D:\7Z-Magic\Projects\SCMC - Ras AlKhaima - UAE\Media & Resources","20 years anniversary\داتا السنوية\داتا سنوات قديمة\photos_\2007\Logo 1.jpg","Logo 1.jpg",".jpg","361168","0.344","D:\7Z-Magic\Projects\SCMC - Ras AlKhaima - UAE\Media & Resources\20 years anniversary\داتا السنوية\داتا سنوات قديمة\photos_\2007","BRAND","A","YES","2013-01-30 22:54:00",""
"D:\7Z-Magic\Projects\SCMC - Ras AlKhaima - UAE\Media & Resources","20 years anniversary\داتا السنوية\داتا سنوات قديمة\photos_\2007\logo.jpg","logo.jpg",".jpg","26344","0.025","D:\7Z-Magic\Projects\SCMC - Ras AlKhaima - UAE\Media & Resources\20 years anniversary\داتا السنوية\داتا سنوات قديمة\photos_\2007","BRAND","A","YES","2014-08-27 22:13:50",""
"D:\7Z-Magic\Projects\SCMC - Ras AlKhaima - UAE\Media & Resources","20 years anniversary\داتا السنوية\داتا سنوات قديمة\photos_\20151022_181731 (1).jpg","20151022_181731 (1).jpg",".jpg","1335815","1.274","D:\7Z-Magic\Projects\SCMC - Ras AlKhaima - UAE\Media & Resources\20 years anniversary\داتا السنوية\داتا سنوات قديمة\photos_","CAMPAIGN","A","YES","2015-10-22 07:23:18",""
"D:\7Z-Magic\Projects\SCMC - Ras AlKhaima - UAE\Media & Resources","20 years anniversary\داتا السنوية\داتا سنوات قديمة\photos_\DSC_0282.JPG","DSC_0282.JPG",".jpg","4235876","4.04","D:\7Z-Magic\Projects\SCMC - Ras AlKhaima - UAE\Media & Resources\20 years anniversary\داتا السنوية\داتا سنوات قديمة\photos_","CAMPAIGN","A","YES","2017-02-22 04:02:46",""
"D:\7Z-Magic\Projects\SCMC - Ras AlKhaima - UAE\Media & Resources","20 years anniversary\داتا السنوية\داتا سنوات قديمة\photos_\DSC_0358.jpg","DSC_0358.jpg",".jpg","4565140","4.354","D:\7Z-Magic\Projects\SCMC - Ras AlKhaima - UAE\Media & Resources\20 years anniversary\داتا السنوية\داتا سنوات قديمة\photos_","CAMPAIGN","A","YES","2017-03-05 17:18:00",""
"D:\7Z-Magic\Projects\SCMC - Ras AlKhaima - UAE\Media & Resources","20 years anniversary\داتا السنوية\داتا سنوات قديمة\photos_\DSC_0725.jpg","DSC_0725.jpg",".jpg","3467770","3.307","D:\7Z-Magic\Projects\SCMC - Ras AlKhaima - UAE\Media & Resources\20 years anniversary\داتا السنوية\داتا سنوات قديمة\photos_","CAMPAIGN","A","YES","2017-03-05 17:50:02",""
"D:\7Z-Magic\Projects\SCMC - Ras AlKhaima - UAE\Media & Resources","20 years anniversary\داتا السنوية\داتا سنوات قديمة\photos_\DSC_0977.jpg","DSC_0977.jpg",".jpg","823659","0.786","D:\7Z-Magic\Projects\SCMC - Ras AlKhaima - UAE\Media & Resources\20 years anniversary\داتا السنوية\داتا سنوات قديمة\photos_","CAMPAIGN","A","YES","2017-03-05 16:14:18",""
"D:\7Z-Magic\Projects\SCMC - Ras AlKhaima - UAE\Media & Resources","20 years anniversary\داتا السنوية\داتا سنوات قديمة\photos_\DSC_0981.jpg","DSC_0981.jpg",".jpg","3220051","3.071","D:\7Z-Magic\Projects\SCMC - Ras AlKhaima - UAE\Media & Resources\20 years anniversary\داتا السنوية\داتا سنوات قديمة\photos_","CAMPAIGN","A","YES","2017-03-05 17:56:36",""
"D:\7Z-Magic\Projects\SCMC - Ras AlKhaima - UAE\Media & Resources","20 years anniversary\داتا السنوية\داتا سنوات قديمة\photos_\DSC_1019-2.jpg","DSC_1019-2.jpg",".jpg","4982959","4.752","D:\7Z-Magic\Projects\SCMC - Ras AlKhaima - UAE\Media & Resources\20 years anniversary\داتا السنوية\داتا سنوات قديمة\photos_","CAMPAIGN","A","YES","2017-03-05 17:55:34",""
"D:\7Z-Magic\Projects\SCMC - Ras AlKhaima - UAE\Media & Resources","20 years anniversary\داتا السنوية\داتا سنوات قديمة\photos_\DSC_1047-2.jpg","DSC_1047-2.jpg",".jpg","2798853","2.669","D:\7Z-Magic\Projects\SCMC - Ras AlKhaima - UAE\Media & Resources\20 years anniversary\داتا السنوية\داتا سنوات قديمة\photos_","CAMPAIGN","A","YES","2017-03-05 17:51:16",""
"D:\7Z-Magic\Projects\SCMC - Ras AlKhaima - UAE\Media & Resources","20 years anniversary\داتا السنوية\داتا سنوات قديمة\photos_\DSC_1092-2.jpg","DSC_1092-2.jpg",".jpg","2622342","2.501","D:\7Z-Magic\Projects\SCMC - Ras AlKhaima - UAE\Media & Resources\20 years anniversary\داتا السنوية\داتا سنوات قديمة\photos_","CAMPAIGN","A","YES","2017-03-05 18:03:40",""
"D:\7Z-Magic\Projects\SCMC - Ras AlKhaima - UAE\Media & Resources","20 years anniversary\داتا السنوية\داتا سنوات قديمة\photos_\DSC_1122-2.jpg","DSC_1122-2.jpg",".jpg","2491770","2.376","D:\7Z-Magic\Projects\SCMC - Ras AlKhaima - UAE\Media & Resources\20 years anniversary\داتا السنوية\داتا سنوات قديمة\photos_","CAMPAIGN","A","YES","2017-03-05 17:58:00",""
"D:\7Z-Magic\Projects\SCMC - Ras AlKhaima - UAE\Media & Resources","20 years anniversary\داتا السنوية\داتا سنوات قديمة\photos_\DSC_1126-2.jpg","DSC_1126-2.jpg",".jpg","2912968","2.778","D:\7Z-Magic\Projects\SCMC - Ras AlKhaima - UAE\Media & Resources\20 years anniversary\داتا السنوية\داتا سنوات قديمة\photos_","CAMPAIGN","A","YES","2017-03-05 17:57:34",""
"D:\7Z-Magic\Projects\SCMC - Ras AlKhaima - UAE\Media & Resources","20 years anniversary\داتا السنوية\داتا سنوات قديمة\photos_\DSC_1130-2.jpg","DSC_1130-2.jpg",".jpg","4897536","4.671","D:\7Z-Magic\Projects\SCMC - Ras AlKhaima - UAE\Media & Resources\20 years anniversary\داتا السنوية\داتا سنوات قديمة\photos_","CAMPAIGN","A","YES","2017-03-05 17:57:20",""
"D:\7Z-Magic\Projects\SCMC - Ras AlKhaima - UAE\Media & Resources","20 years anniversary\داتا السنوية\داتا سنوات قديمة\photos_\DSC_1137-2.jpg","DSC_1137-2.jpg",".jpg","3857751","3.679","D:\7Z-Magic\Projects\SCMC - Ras AlKhaima - UAE\Media & Resources\20 years anniversary\داتا السنوية\داتا سنوات قديمة\photos_","CAMPAIGN","A","YES","2017-03-05 18:14:06",""
"D:\7Z-Magic\Projects\SCMC - Ras AlKhaima - UAE\Media & Resources","20 years anniversary\داتا السنوية\داتا سنوات قديمة\photos_\DSC_1142-2.jpg","DSC_1142-2.jpg",".jpg","2608798","2.488","D:\7Z-Magic\Projects\SCMC - Ras AlKhaima - UAE\Media & Resources\20 years anniversary\داتا السنوية\داتا سنوات قديمة\photos_","CAMPAIGN","A","YES","2017-03-05 18:13:34",""
"D:\7Z-Magic\Projects\SCMC - Ras AlKhaima - UAE\Media & Resources","20 years anniversary\داتا السنوية\داتا سنوات قديمة\photos_\DSC_1144-2.jpg","DSC_1144-2.jpg",".jpg","2216619","2.114","D:\7Z-Magic\Projects\SCMC - Ras AlKhaima - UAE\Media & Resources\20 years anniversary\داتا السنوية\داتا سنوات قديمة\photos_","CAMPAIGN","A","YES","2017-03-05 18:13:06",""
"D:\7Z-Magic\Projects\SCMC - Ras AlKhaima - UAE\Media & Resources","20 years anniversary\داتا السنوية\داتا سنوات قديمة\photos_\DSC_1193-2.jpg","DSC_1193-2.jpg",".jpg","2998375","2.859","D:\7Z-Magic\Projects\SCMC - Ras AlKhaima - UAE\Media & Resources\20 years anniversary\داتا السنوية\داتا سنوات قديمة\photos_","CAMPAIGN","A","YES","2017-03-05 18:22:08",""
"D:\7Z-Magic\Projects\SCMC - Ras AlKhaima - UAE\Media & Resources","20 years anniversary\داتا السنوية\داتا سنوات قديمة\photos_\DSC_2865.jpg","DSC_2865.jpg",".jpg","3526322","3.363","D:\7Z-Magic\Projects\SCMC - Ras AlKhaima - UAE\Media & Resources\20 years anniversary\داتا السنوية\داتا سنوات قديمة\photos_","CAMPAIGN","A","YES","2017-10-08 01:00:14",""
"D:\7Z-Magic\Projects\SCMC - Ras AlKhaima - UAE\Media & Resources","20 years anniversary\داتا السنوية\داتا سنوات قديمة\photos_\DSC_2875.jpg","DSC_2875.jpg",".jpg","735706","0.702","D:\7Z-Magic\Projects\SCMC - Ras AlKhaima - UAE\Media & Resources\20 years anniversary\داتا السنوية\داتا سنوات قديمة\photos_","CAMPAIGN","A","YES","2017-10-08 01:00:16",""
"D:\7Z-Magic\Projects\SCMC - Ras AlKhaima - UAE\Media & Resources","20 years anniversary\داتا السنوية\داتا سنوات قديمة\photos_\DSC_2879.JPG","DSC_2879.JPG",".jpg","5792299","5.524","D:\7Z-Magic\Projects\SCMC - Ras AlKhaima - UAE\Media & Resources\20 years anniversary\داتا السنوية\داتا سنوات قديمة\photos_","CAMPAIGN","A","YES","2017-10-09 10:14:32",""
"D:\7Z-Magic\Projects\SCMC - Ras AlKhaima - UAE\Media & Resources","20 years anniversary\داتا السنوية\داتا سنوات قديمة\photos_\DSC_2894.jpg","DSC_2894.jpg",".jpg","2678777","2.555","D:\7Z-Magic\Projects\SCMC - Ras AlKhaima - UAE\Media & Resources\20 years anniversary\داتا السنوية\داتا سنوات قديمة\photos_","CAMPAIGN","A","YES","2017-10-08 01:00:16",""
"D:\7Z-Magic\Projects\SCMC - Ras AlKhaima - UAE\Media & Resources","20 years anniversary\داتا السنوية\داتا سنوات قديمة\photos_\DSC_2910.jpg","DSC_2910.jpg",".jpg","4926525","4.698","D:\7Z-Magic\Projects\SCMC - Ras AlKhaima - UAE\Media & Resources\20 years anniversary\داتا السنوية\داتا سنوات قديمة\photos_","CAMPAIGN","A","YES","2017-10-08 01:00:12",""
"D:\7Z-Magic\Projects\SCMC - Ras AlKhaima - UAE\Media & Resources","20 years anniversary\داتا السنوية\داتا سنوات قديمة\photos_\DSC_3111.jpg","DSC_3111.jpg",".jpg","814292","0.777","D:\7Z-Magic\Projects\SCMC - Ras AlKhaima - UAE\Media & Resources\20 years anniversary\داتا السنوية\داتا سنوات قديمة\photos_","CAMPAIGN","A","YES","2017-10-08 01:00:12",""
"D:\7Z-Magic\Projects\SCMC - Ras AlKhaima - UAE\Media & Resources","20 years anniversary\داتا السنوية\داتا سنوات قديمة\photos_\DSC_3184.jpg","DSC_3184.jpg",".jpg","940337","0.897","D:\7Z-Magic\Projects\SCMC - Ras AlKhaima - UAE\Media & Resources\20 years anniversary\داتا السنوية\داتا سنوات قديمة\photos_","CAMPAIGN","A","YES","2017-10-08 01:00:14",""
"D:\7Z-Magic\Projects\SCMC - Ras AlKhaima - UAE\Media & Resources","20 years anniversary\داتا السنوية\داتا سنوات قديمة\photos_\DSC_3194.jpg","DSC_3194.jpg",".jpg","3607605","3.44","D:\7Z-Magic\Projects\SCMC - Ras AlKhaima - UAE\Media & Resources\20 years anniversary\داتا السنوية\داتا سنوات قديمة\photos_","CAMPAIGN","A","YES","2017-10-08 01:00:14",""
"D:\7Z-Magic\Projects\SCMC - Ras AlKhaima - UAE\Media & Resources","20 years anniversary\داتا السنوية\داتا سنوات قديمة\photos_\DSC_3427.jpg","DSC_3427.jpg",".jpg","4293221","4.094","D:\7Z-Magic\Projects\SCMC - Ras AlKhaima - UAE\Media & Resources\20 years anniversary\داتا السنوية\داتا سنوات قديمة\photos_","CAMPAIGN","A","YES","2017-10-08 00:50:52",""
"D:\7Z-Magic\Projects\SCMC - Ras AlKhaima - UAE\Media & Resources","20 years anniversary\داتا السنوية\داتا سنوات قديمة\photos_\DSC_3431.jpg","DSC_3431.jpg",".jpg","6841384","6.524","D:\7Z-Magic\Projects\SCMC - Ras AlKhaima - UAE\Media & Resources\20 years anniversary\داتا السنوية\داتا سنوات قديمة\photos_","CAMPAIGN","A","YES","2017-10-08 00:50:54",""
"D:\7Z-Magic\Projects\SCMC - Ras AlKhaima - UAE\Media & Resources","20 years anniversary\داتا السنوية\داتا سنوات قديمة\photos_\DSC_3443.jpg","DSC_3443.jpg",".jpg","3681055","3.511","D:\7Z-Magic\Projects\SCMC - Ras AlKhaima - UAE\Media & Resources\20 years anniversary\داتا السنوية\داتا سنوات قديمة\photos_","CAMPAIGN","A","YES","2017-10-08 00:50:54",""
"D:\7Z-Magic\Projects\SCMC - Ras AlKhaima - UAE\Media & Resources","20 years anniversary\داتا السنوية\داتا سنوات قديمة\photos_\DSC_3463.jpg","DSC_3463.jpg",".jpg","1062431","1.013","D:\7Z-Magic\Projects\SCMC - Ras AlKhaima - UAE\Media & Resources\20 years anniversary\داتا السنوية\داتا سنوات قديمة\photos_","CAMPAIGN","A","YES","2017-10-08 00:50:50",""
"D:\7Z-Magic\Projects\SCMC - Ras AlKhaima - UAE\Media & Resources","20 years anniversary\داتا السنوية\داتا سنوات قديمة\photos_\DSC_3496.jpg","DSC_3496.jpg",".jpg","4484880","4.277","D:\7Z-Magic\Projects\SCMC - Ras AlKhaima - UAE\Media & Resources\20 years anniversary\داتا السنوية\داتا سنوات قديمة\photos_","CAMPAIGN","A","YES","2017-10-08 00:50:54",""
"D:\7Z-Magic\Projects\SCMC - Ras AlKhaima - UAE\Media & Resources","20 years anniversary\داتا السنوية\داتا سنوات قديمة\photos_\DSC_3514.jpg","DSC_3514.jpg",".jpg","4223058","4.027","D:\7Z-Magic\Projects\SCMC - Ras AlKhaima - UAE\Media & Resources\20 years anniversary\داتا السنوية\داتا سنوات قديمة\photos_","CAMPAIGN","A","YES","2017-10-08 00:50:52",""
"D:\7Z-Magic\Projects\SCMC - Ras AlKhaima - UAE\Media & Resources","20 years anniversary\داتا السنوية\داتا سنوات قديمة\photos_\DSC_3527.jpg","DSC_3527.jpg",".jpg","3306669","3.153","D:\7Z-Magic\Projects\SCMC - Ras AlKhaima - UAE\Media & Resources\20 years anniversary\داتا السنوية\داتا سنوات قديمة\photos_","CAMPAIGN","A","YES","2017-10-08 00:50:50",""
"D:\7Z-Magic\Projects\SCMC - Ras AlKhaima - UAE\Media & Resources","20 years anniversary\داتا السنوية\داتا سنوات قديمة\photos_\DSC_3561.jpg","DSC_3561.jpg",".jpg","4118376","3.928","D:\7Z-Magic\Projects\SCMC - Ras AlKhaima - UAE\Media & Resources\20 years anniversary\داتا السنوية\داتا سنوات قديمة\photos_","CAMPAIGN","A","YES","2017-10-08 00:50:54",""
"D:\7Z-Magic\Projects\SCMC - Ras AlKhaima - UAE\Media & Resources","20 years anniversary\داتا السنوية\داتا سنوات قديمة\photos_\DSC_3576.jpg","DSC_3576.jpg",".jpg","6182003","5.896","D:\7Z-Magic\Projects\SCMC - Ras AlKhaima - UAE\Media & Resources\20 years anniversary\داتا السنوية\داتا سنوات قديمة\photos_","CAMPAIGN","A","YES","2017-10-08 00:50:52",""
"D:\7Z-Magic\Projects\SCMC - Ras AlKhaima - UAE\Media & Resources","20 years anniversary\داتا السنوية\داتا سنوات قديمة\photos_\DSC_3606.jpg","DSC_3606.jpg",".jpg","7054068","6.727","D:\7Z-Magic\Projects\SCMC - Ras AlKhaima - UAE\Media & Resources\20 years anniversary\داتا السنوية\داتا سنوات قديمة\photos_","CAMPAIGN","A","YES","2017-10-08 00:50:52",""
"D:\7Z-Magic\Projects\SCMC - Ras AlKhaima - UAE\Media & Resources","20 years anniversary\داتا السنوية\داتا سنوات قديمة\photos_\DSC_3911.JPG","DSC_3911.JPG",".jpg","7266330","6.93","D:\7Z-Magic\Projects\SCMC - Ras AlKhaima - UAE\Media & Resources\20 years anniversary\داتا السنوية\داتا سنوات قديمة\photos_","CAMPAIGN","A","YES","2018-02-18 23:38:16",""
"D:\7Z-Magic\Projects\SCMC - Ras AlKhaima - UAE\Media & Resources","20 years anniversary\داتا السنوية\داتا سنوات قديمة\photos_\DSC_3916.JPG","DSC_3916.JPG",".jpg","7692305","7.336","D:\7Z-Magic\Projects\SCMC - Ras AlKhaima - UAE\Media & Resources\20 years anniversary\داتا السنوية\داتا سنوات قديمة\photos_","CAMPAIGN","A","YES","2018-02-18 23:39:16",""
"D:\7Z-Magic\Projects\SCMC - Ras AlKhaima - UAE\Media & Resources","20 years anniversary\داتا السنوية\داتا سنوات قديمة\photos_\DSC_3933.JPG","DSC_3933.JPG",".jpg","7611217","7.259","D:\7Z-Magic\Projects\SCMC - Ras AlKhaima - UAE\Media & Resources\20 years anniversary\داتا السنوية\داتا سنوات قديمة\photos_","CAMPAIGN","A","YES","2018-02-18 23:44:12",""
"D:\7Z-Magic\Projects\SCMC - Ras AlKhaima - UAE\Media & Resources","20 years anniversary\داتا السنوية\داتا سنوات قديمة\photos_\DSC_3935.JPG","DSC_3935.JPG",".jpg","7908482","7.542","D:\7Z-Magic\Projects\SCMC - Ras AlKhaima - UAE\Media & Resources\20 years anniversary\داتا السنوية\داتا سنوات قديمة\photos_","CAMPAIGN","A","YES","2018-02-18 23:44:20",""
"D:\7Z-Magic\Projects\SCMC - Ras AlKhaima - UAE\Media & Resources","20 years anniversary\داتا السنوية\داتا سنوات قديمة\photos_\DSC_3941.JPG","DSC_3941.JPG",".jpg","7425737","7.082","D:\7Z-Magic\Projects\SCMC - Ras AlKhaima - UAE\Media & Resources\20 years anniversary\داتا السنوية\داتا سنوات قديمة\photos_","CAMPAIGN","A","YES","2018-02-18 23:47:00",""
"D:\7Z-Magic\Projects\SCMC - Ras AlKhaima - UAE\Media & Resources","20 years anniversary\داتا السنوية\داتا سنوات قديمة\photos_\DSC_3947.JPG","DSC_3947.JPG",".jpg","7682686","7.327","D:\7Z-Magic\Projects\SCMC - Ras AlKhaima - UAE\Media & Resources\20 years anniversary\داتا السنوية\داتا سنوات قديمة\photos_","CAMPAIGN","A","YES","2018-02-20 05:44:22",""
"D:\7Z-Magic\Projects\SCMC - Ras AlKhaima - UAE\Media & Resources","20 years anniversary\داتا السنوية\داتا سنوات قديمة\photos_\DSC_4139.JPG","DSC_4139.JPG",".jpg","7670806","7.315","D:\7Z-Magic\Projects\SCMC - Ras AlKhaima - UAE\Media & Resources\20 years anniversary\داتا السنوية\داتا سنوات قديمة\photos_","CAMPAIGN","A","YES","2018-03-07 23:11:00",""
"D:\7Z-Magic\Projects\SCMC - Ras AlKhaima - UAE\Media & Resources","20 years anniversary\داتا السنوية\داتا سنوات قديمة\photos_\DSC_4188.JPG","DSC_4188.JPG",".jpg","6647703","6.34","D:\7Z-Magic\Projects\SCMC - Ras AlKhaima - UAE\Media & Resources\20 years anniversary\داتا السنوية\داتا سنوات قديمة\photos_","CAMPAIGN","A","YES","2018-03-12 23:58:10",""
"D:\7Z-Magic\Projects\SCMC - Ras AlKhaima - UAE\Media & Resources","20 years anniversary\داتا السنوية\داتا سنوات قديمة\photos_\DSC_4194.JPG","DSC_4194.JPG",".jpg","7300087","6.962","D:\7Z-Magic\Projects\SCMC - Ras AlKhaima - UAE\Media & Resources\20 years anniversary\داتا السنوية\داتا سنوات قديمة\photos_","CAMPAIGN","A","YES","2018-03-12 23:59:10",""
"D:\7Z-Magic\Projects\SCMC - Ras AlKhaima - UAE\Media & Resources","20 years anniversary\داتا السنوية\داتا سنوات قديمة\photos_\DSC_4196.JPG","DSC_4196.JPG",".jpg","7516566","7.168","D:\7Z-Magic\Projects\SCMC - Ras AlKhaima - UAE\Media & Resources\20 years anniversary\داتا السنوية\داتا سنوات قديمة\photos_","CAMPAIGN","A","YES","2018-03-13 00:00:04",""
"D:\7Z-Magic\Projects\SCMC - Ras AlKhaima - UAE\Media & Resources","20 years anniversary\داتا السنوية\داتا سنوات قديمة\photos_\DSCN8889.JPG","DSCN8889.JPG",".jpg","2173983","2.073","D:\7Z-Magic\Projects\SCMC - Ras AlKhaima - UAE\Media & Resources\20 years anniversary\داتا السنوية\داتا سنوات قديمة\photos_","CAMPAIGN","A","YES","2009-12-31 12:00:00",""
"D:\7Z-Magic\Projects\SCMC - Ras AlKhaima - UAE\Media & Resources","20 years anniversary\داتا السنوية\داتا سنوات قديمة\photos_\DSCN9124.JPG","DSCN9124.JPG",".jpg","2267251","2.162","D:\7Z-Magic\Projects\SCMC - Ras AlKhaima - UAE\Media & Resources\20 years anniversary\داتا السنوية\داتا سنوات قديمة\photos_","CAMPAIGN","A","YES","2009-12-31 12:00:00",""
"D:\7Z-Magic\Projects\SCMC - Ras AlKhaima - UAE\Media & Resources","20 years anniversary\داتا السنوية\داتا سنوات قديمة\photos_\DSCN9125.JPG","DSCN9125.JPG",".jpg","2103662","2.006","D:\7Z-Magic\Projects\SCMC - Ras AlKhaima - UAE\Media & Resources\20 years anniversary\داتا السنوية\داتا سنوات قديمة\photos_","CAMPAIGN","A","YES","2009-12-31 12:00:00",""
"D:\7Z-Magic\Projects\SCMC - Ras AlKhaima - UAE\Media & Resources","20 years anniversary\داتا السنوية\داتا سنوات قديمة\photos_\DSCN9128.JPG","DSCN9128.JPG",".jpg","2298171","2.192","D:\7Z-Magic\Projects\SCMC - Ras AlKhaima - UAE\Media & Resources\20 years anniversary\داتا السنوية\داتا سنوات قديمة\photos_","CAMPAIGN","A","YES","2009-12-31 12:00:00",""
"D:\7Z-Magic\Projects\SCMC - Ras AlKhaima - UAE\Media & Resources","20 years anniversary\داتا السنوية\داتا سنوات قديمة\photos_\DSCN9129.JPG","DSCN9129.JPG",".jpg","2151702","2.052","D:\7Z-Magic\Projects\SCMC - Ras AlKhaima - UAE\Media & Resources\20 years anniversary\داتا السنوية\داتا سنوات قديمة\photos_","CAMPAIGN","A","YES","2009-12-31 12:00:00",""
"D:\7Z-Magic\Projects\SCMC - Ras AlKhaima - UAE\Media & Resources","20 years anniversary\داتا السنوية\داتا سنوات قديمة\photos_\DSCN9152.JPG","DSCN9152.JPG",".jpg","2272355","2.167","D:\7Z-Magic\Projects\SCMC - Ras AlKhaima - UAE\Media & Resources\20 years anniversary\داتا السنوية\داتا سنوات قديمة\photos_","CAMPAIGN","A","YES","2009-12-31 12:00:00",""
"D:\7Z-Magic\Projects\SCMC - Ras AlKhaima - UAE\Media & Resources","20 years anniversary\داتا السنوية\داتا سنوات قديمة\photos_\DSCN9153.JPG","DSCN9153.JPG",".jpg","2310568","2.204","D:\7Z-Magic\Projects\SCMC - Ras AlKhaima - UAE\Media & Resources\20 years anniversary\داتا السنوية\داتا سنوات قديمة\photos_","CAMPAIGN","A","YES","2009-12-31 12:00:00",""
"D:\7Z-Magic\Projects\SCMC - Ras AlKhaima - UAE\Media & Resources","20 years anniversary\داتا السنوية\داتا سنوات قديمة\photos_\DSCN9154.JPG","DSCN9154.JPG",".jpg","2170118","2.07","D:\7Z-Magic\Projects\SCMC - Ras AlKhaima - UAE\Media & Resources\20 years anniversary\داتا السنوية\داتا سنوات قديمة\photos_","CAMPAIGN","A","YES","2009-12-31 12:00:00",""
"D:\7Z-Magic\Projects\SCMC - Ras AlKhaima - UAE\Media & Resources","20 years anniversary\داتا السنوية\داتا سنوات قديمة\photos_\DSCN9155.JPG","DSCN9155.JPG",".jpg","2144302","2.045","D:\7Z-Magic\Projects\SCMC - Ras AlKhaima - UAE\Media & Resources\20 years anniversary\داتا السنوية\داتا سنوات قديمة\photos_","CAMPAIGN","A","YES","2009-12-31 12:00:00",""
"D:\7Z-Magic\Projects\SCMC - Ras AlKhaima - UAE\Media & Resources","20 years anniversary\داتا السنوية\داتا سنوات قديمة\photos_\fgfg.jpg","fgfg.jpg",".jpg","4072571","3.884","D:\7Z-Magic\Projects\SCMC - Ras AlKhaima - UAE\Media & Resources\20 years anniversary\داتا السنوية\داتا سنوات قديمة\photos_","CAMPAIGN","A","YES","2017-03-05 17:17:40",""
"D:\7Z-Magic\Projects\SCMC - Ras AlKhaima - UAE\Media & Resources","20 years anniversary\داتا السنوية\داتا سنوات قديمة\photos_\img1441218725484.jpg","img1441218725484.jpg",".jpg","489818","0.467","D:\7Z-Magic\Projects\SCMC - Ras AlKhaima - UAE\Media & Resources\20 years anniversary\داتا السنوية\داتا سنوات قديمة\photos_","CAMPAIGN","A","YES","2015-09-02 11:32:06",""
"D:\7Z-Magic\Projects\SCMC - Ras AlKhaima - UAE\Media & Resources","20 years anniversary\داتا السنوية\داتا سنوات قديمة\photos_\IMG-20150830-WA0052.jpg","IMG-20150830-WA0052.jpg",".jpg","85180","0.081","D:\7Z-Magic\Projects\SCMC - Ras AlKhaima - UAE\Media & Resources\20 years anniversary\داتا السنوية\داتا سنوات قديمة\photos_","CAMPAIGN","A","YES","2015-08-30 14:20:34",""
"D:\7Z-Magic\Projects\SCMC - Ras AlKhaima - UAE\Media & Resources","20 years anniversary\داتا السنوية\داتا سنوات قديمة\photos_\IMG-20150830-WA0093.jpg","IMG-20150830-WA0093.jpg",".jpg","259124","0.247","D:\7Z-Magic\Projects\SCMC - Ras AlKhaima - UAE\Media & Resources\20 years anniversary\داتا السنوية\داتا سنوات قديمة\photos_","CAMPAIGN","A","YES","2015-12-28 21:21:46",""
"D:\7Z-Magic\Projects\SCMC - Ras AlKhaima - UAE\Media & Resources","20 years anniversary\داتا السنوية\داتا سنوات قديمة\videos\2.mp4","2.mp4",".mp4","75189052","71.706","D:\7Z-Magic\Projects\SCMC - Ras AlKhaima - UAE\Media & Resources\20 years anniversary\داتا السنوية\داتا سنوات قديمة\videos","CAMPAIGN","A","YES","2017-04-22 13:44:56",""
"D:\7Z-Magic\Projects\SCMC - Ras AlKhaima - UAE\Media & Resources","20 years anniversary\داتا السنوية\داتا سنوات قديمة\videos\5.mp4","5.mp4",".mp4","78750032","75.102","D:\7Z-Magic\Projects\SCMC - Ras AlKhaima - UAE\Media & Resources\20 years anniversary\داتا السنوية\داتا سنوات قديمة\videos","CAMPAIGN","A","YES","2017-04-25 10:15:52",""
"D:\7Z-Magic\Projects\SCMC - Ras AlKhaima - UAE\Media & Resources","20 years anniversary\داتا السنوية\سنوية 18\IMG_7855.MOV","IMG_7855.MOV",".mov","26817302","25.575","D:\7Z-Magic\Projects\SCMC - Ras AlKhaima - UAE\Media & Resources\20 years anniversary\داتا السنوية\سنوية 18","CAMPAIGN","A","YES","2025-09-14 10:24:50",""
"D:\7Z-Magic\Projects\SCMC - Ras AlKhaima - UAE\Media & Resources","20 years anniversary\داتا السنوية\سنوية 18\IMG_7856.MOV","IMG_7856.MOV",".mov","16467462","15.705","D:\7Z-Magic\Projects\SCMC - Ras AlKhaima - UAE\Media & Resources\20 years anniversary\داتا السنوية\سنوية 18","CAMPAIGN","A","YES","2025-09-14 10:23:42",""
"D:\7Z-Magic\Projects\SCMC - Ras AlKhaima - UAE\Media & Resources","20 years anniversary\داتا السنوية\سنوية 18\IMG_7857.MOV","IMG_7857.MOV",".mov","13810361","13.171","D:\7Z-Magic\Projects\SCMC - Ras AlKhaima - UAE\Media & Resources\20 years anniversary\داتا السنوية\سنوية 18","CAMPAIGN","A","YES","2025-09-14 10:23:30",""
"D:\7Z-Magic\Projects\SCMC - Ras AlKhaima - UAE\Media & Resources","20 years anniversary\داتا السنوية\سنوية 18\IMG_7858.HEIC","IMG_7858.HEIC",".heic","1662908","1.586","D:\7Z-Magic\Projects\SCMC - Ras AlKhaima - UAE\Media & Resources\20 years anniversary\داتا السنوية\سنوية 18","CAMPAIGN","A","YES","2025-09-14 10:21:52",""
"D:\7Z-Magic\Projects\SCMC - Ras AlKhaima - UAE\Media & Resources","20 years anniversary\داتا السنوية\سنوية 18\IMG_7859.HEIC","IMG_7859.HEIC",".heic","1360494","1.297","D:\7Z-Magic\Projects\SCMC - Ras AlKhaima - UAE\Media & Resources\20 years anniversary\داتا السنوية\سنوية 18","CAMPAIGN","A","YES","2025-09-14 10:20:58",""
"D:\7Z-Magic\Projects\SCMC - Ras AlKhaima - UAE\Media & Resources","20 years anniversary\داتا السنوية\سنوية 18\IMG_7860.MOV","IMG_7860.MOV",".mov","5993951","5.716","D:\7Z-Magic\Projects\SCMC - Ras AlKhaima - UAE\Media & Resources\20 years anniversary\داتا السنوية\سنوية 18","CAMPAIGN","A","YES","2025-09-14 10:22:34",""
"D:\7Z-Magic\Projects\SCMC - Ras AlKhaima - UAE\Media & Resources","20 years anniversary\داتا السنوية\سنوية 18\IMG_7861.MOV","IMG_7861.MOV",".mov","10578156","10.088","D:\7Z-Magic\Projects\SCMC - Ras AlKhaima - UAE\Media & Resources\20 years anniversary\داتا السنوية\سنوية 18","CAMPAIGN","A","YES","2025-09-14 10:22:56",""
"D:\7Z-Magic\Projects\SCMC - Ras AlKhaima - UAE\Media & Resources","20 years anniversary\داتا السنوية\سنوية 18\IMG_7862.MOV","IMG_7862.MOV",".mov","23360797","22.279","D:\7Z-Magic\Projects\SCMC - Ras AlKhaima - UAE\Media & Resources\20 years anniversary\داتا السنوية\سنوية 18","CAMPAIGN","A","YES","2025-09-14 10:24:42",""
"D:\7Z-Magic\Projects\SCMC - Ras AlKhaima - UAE\Media & Resources","20 years anniversary\داتا السنوية\سنوية 18\IMG_7863.MOV","IMG_7863.MOV",".mov","10865919","10.363","D:\7Z-Magic\Projects\SCMC - Ras AlKhaima - UAE\Media & Resources\20 years anniversary\داتا السنوية\سنوية 18","CAMPAIGN","A","YES","2025-09-14 10:23:20",""
"D:\7Z-Magic\Projects\SCMC - Ras AlKhaima - UAE\Media & Resources","20 years anniversary\داتا السنوية\سنوية 18\IMG_7864.MOV","IMG_7864.MOV",".mov","6071840","5.791","D:\7Z-Magic\Projects\SCMC - Ras AlKhaima - UAE\Media & Resources\20 years anniversary\داتا السنوية\سنوية 18","CAMPAIGN","A","YES","2025-09-14 10:22:44",""
"D:\7Z-Magic\Projects\SCMC - Ras AlKhaima - UAE\Media & Resources","20 years anniversary\داتا السنوية\سنوية 18\IMG_7866.MOV","IMG_7866.MOV",".mov","30994886","29.559","D:\7Z-Magic\Projects\SCMC - Ras AlKhaima - UAE\Media & Resources\20 years anniversary\داتا السنوية\سنوية 18","CAMPAIGN","A","YES","2025-09-14 10:25:08",""
"D:\7Z-Magic\Projects\SCMC - Ras AlKhaima - UAE\Media & Resources","20 years anniversary\داتا السنوية\سنوية 18\IMG_7867.MOV","IMG_7867.MOV",".mov","38828917","37.03","D:\7Z-Magic\Projects\SCMC - Ras AlKhaima - UAE\Media & Resources\20 years anniversary\داتا السنوية\سنوية 18","CAMPAIGN","A","YES","2025-09-14 10:25:26",""
"D:\7Z-Magic\Projects\SCMC - Ras AlKhaima - UAE\Media & Resources","20 years anniversary\داتا السنوية\سنوية 18\IMG_7868.MOV","IMG_7868.MOV",".mov","10637466","10.145","D:\7Z-Magic\Projects\SCMC - Ras AlKhaima - UAE\Media & Resources\20 years anniversary\داتا السنوية\سنوية 18","CAMPAIGN","A","YES","2025-09-14 10:23:08",""
"D:\7Z-Magic\Projects\SCMC - Ras AlKhaima - UAE\Media & Resources","20 years anniversary\داتا السنوية\سنوية 18\IMG_7869.MOV","IMG_7869.MOV",".mov","63233505","60.304","D:\7Z-Magic\Projects\SCMC - Ras AlKhaima - UAE\Media & Resources\20 years anniversary\داتا السنوية\سنوية 18","CAMPAIGN","A","YES","2025-09-14 10:25:48",""
"D:\7Z-Magic\Projects\SCMC - Ras AlKhaima - UAE\Media & Resources","20 years anniversary\داتا السنوية\سنوية 18\IMG_7870.HEIC","IMG_7870.HEIC",".heic","1478802","1.41","D:\7Z-Magic\Projects\SCMC - Ras AlKhaima - UAE\Media & Resources\20 years anniversary\داتا السنوية\سنوية 18","CAMPAIGN","A","YES","2025-09-14 10:21:02",""
"D:\7Z-Magic\Projects\SCMC - Ras AlKhaima - UAE\Media & Resources","20 years anniversary\داتا السنوية\سنوية 18\IMG_7871.HEIC","IMG_7871.HEIC",".heic","1534170","1.463","D:\7Z-Magic\Projects\SCMC - Ras AlKhaima - UAE\Media & Resources\20 years anniversary\داتا السنوية\سنوية 18","CAMPAIGN","A","YES","2025-09-14 10:21:10",""
"D:\7Z-Magic\Projects\SCMC - Ras AlKhaima - UAE\Media & Resources","20 years anniversary\داتا السنوية\سنوية 18\IMG_7872.HEIC","IMG_7872.HEIC",".heic","1672061","1.595","D:\7Z-Magic\Projects\SCMC - Ras AlKhaima - UAE\Media & Resources\20 years anniversary\داتا السنوية\سنوية 18","CAMPAIGN","A","YES","2025-09-14 10:21:28",""
"D:\7Z-Magic\Projects\SCMC - Ras AlKhaima - UAE\Media & Resources","20 years anniversary\داتا السنوية\سنوية 18\IMG_7873.HEIC","IMG_7873.HEIC",".heic","1676967","1.599","D:\7Z-Magic\Projects\SCMC - Ras AlKhaima - UAE\Media & Resources\20 years anniversary\داتا السنوية\سنوية 18","CAMPAIGN","A","YES","2025-09-14 10:21:36",""
"D:\7Z-Magic\Projects\SCMC - Ras AlKhaima - UAE\Media & Resources","20 years anniversary\داتا السنوية\سنوية 18\IMG_7874.HEIC","IMG_7874.HEIC",".heic","1478855","1.41","D:\7Z-Magic\Projects\SCMC - Ras AlKhaima - UAE\Media & Resources\20 years anniversary\داتا السنوية\سنوية 18","CAMPAIGN","A","YES","2025-09-14 10:21:06",""
"D:\7Z-Magic\Projects\SCMC - Ras AlKhaima - UAE\Media & Resources","20 years anniversary\داتا السنوية\سنوية 18\IMG_7875.MOV","IMG_7875.MOV",".mov","22543554","21.499","D:\7Z-Magic\Projects\SCMC - Ras AlKhaima - UAE\Media & Resources\20 years anniversary\داتا السنوية\سنوية 18","CAMPAIGN","A","YES","2025-09-14 10:24:00",""
"D:\7Z-Magic\Projects\SCMC - Ras AlKhaima - UAE\Media & Resources","20 years anniversary\داتا السنوية\سنوية 18\IMG_7876.HEIC","IMG_7876.HEIC",".heic","744292","0.71","D:\7Z-Magic\Projects\SCMC - Ras AlKhaima - UAE\Media & Resources\20 years anniversary\داتا السنوية\سنوية 18","CAMPAIGN","A","YES","2025-09-14 10:20:48",""
"D:\7Z-Magic\Projects\SCMC - Ras AlKhaima - UAE\Media & Resources","20 years anniversary\داتا السنوية\سنوية 18\IMG_7877.HEIC","IMG_7877.HEIC",".heic","1918498","1.83","D:\7Z-Magic\Projects\SCMC - Ras AlKhaima - UAE\Media & Resources\20 years anniversary\داتا السنوية\سنوية 18","CAMPAIGN","A","YES","2025-09-14 10:22:26",""
"D:\7Z-Magic\Projects\SCMC - Ras AlKhaima - UAE\Media & Resources","20 years anniversary\داتا السنوية\سنوية 18\IMG_7878.HEIC","IMG_7878.HEIC",".heic","1873691","1.787","D:\7Z-Magic\Projects\SCMC - Ras AlKhaima - UAE\Media & Resources\20 years anniversary\داتا السنوية\سنوية 18","CAMPAIGN","A","YES","2025-09-14 10:22:18",""
"D:\7Z-Magic\Projects\SCMC - Ras AlKhaima - UAE\Media & Resources","20 years anniversary\داتا السنوية\سنوية 18\IMG_7879.HEIC","IMG_7879.HEIC",".heic","1645060","1.569","D:\7Z-Magic\Projects\SCMC - Ras AlKhaima - UAE\Media & Resources\20 years anniversary\داتا السنوية\سنوية 18","CAMPAIGN","A","YES","2025-09-14 10:22:00",""
"D:\7Z-Magic\Projects\SCMC - Ras AlKhaima - UAE\Media & Resources","20 years anniversary\داتا السنوية\سنوية 18\IMG_7880.HEIC","IMG_7880.HEIC",".heic","1673423","1.596","D:\7Z-Magic\Projects\SCMC - Ras AlKhaima - UAE\Media & Resources\20 years anniversary\داتا السنوية\سنوية 18","CAMPAIGN","A","YES","2025-09-14 10:21:46",""
"D:\7Z-Magic\Projects\SCMC - Ras AlKhaima - UAE\Media & Resources","20 years anniversary\داتا السنوية\سنوية 18\IMG_7881.MOV","IMG_7881.MOV",".mov","35444930","33.803","D:\7Z-Magic\Projects\SCMC - Ras AlKhaima - UAE\Media & Resources\20 years anniversary\داتا السنوية\سنوية 18","CAMPAIGN","A","YES","2025-09-14 10:24:58",""
"D:\7Z-Magic\Projects\SCMC - Ras AlKhaima - UAE\Media & Resources","20 years anniversary\داتا السنوية\سنوية 18\IMG_7882.HEIC","IMG_7882.HEIC",".heic","1102297","1.051","D:\7Z-Magic\Projects\SCMC - Ras AlKhaima - UAE\Media & Resources\20 years anniversary\داتا السنوية\سنوية 18","CAMPAIGN","A","YES","2025-09-14 10:20:52",""
"D:\7Z-Magic\Projects\SCMC - Ras AlKhaima - UAE\Media & Resources","20 years anniversary\داتا السنوية\سنوية 18\IMG_7883.HEIC","IMG_7883.HEIC",".heic","1018239","0.971","D:\7Z-Magic\Projects\SCMC - Ras AlKhaima - UAE\Media & Resources\20 years anniversary\داتا السنوية\سنوية 18","CAMPAIGN","A","YES","2025-09-14 10:21:40",""
"D:\7Z-Magic\Projects\SCMC - Ras AlKhaima - UAE\Media & Resources","20 years anniversary\داتا السنوية\سنوية 18\IMG_7884.HEIC","IMG_7884.HEIC",".heic","1018225","0.971","D:\7Z-Magic\Projects\SCMC - Ras AlKhaima - UAE\Media & Resources\20 years anniversary\داتا السنوية\سنوية 18","CAMPAIGN","A","YES","2025-09-14 10:22:12",""
"D:\7Z-Magic\Projects\SCMC - Ras AlKhaima - UAE\Media & Resources","20 years anniversary\داتا السنوية\سنوية 18\IMG_7885.HEIC","IMG_7885.HEIC",".heic","1632270","1.557","D:\7Z-Magic\Projects\SCMC - Ras AlKhaima - UAE\Media & Resources\20 years anniversary\داتا السنوية\سنوية 18","CAMPAIGN","A","YES","2025-09-14 10:21:14",""
"D:\7Z-Magic\Projects\SCMC - Ras AlKhaima - UAE\Media & Resources","20 years anniversary\داتا السنوية\سنوية 18\IMG_7886.HEIC","IMG_7886.HEIC",".heic","1707459","1.628","D:\7Z-Magic\Projects\SCMC - Ras AlKhaima - UAE\Media & Resources\20 years anniversary\داتا السنوية\سنوية 18","CAMPAIGN","A","YES","2025-09-14 10:21:22",""
"D:\7Z-Magic\Projects\SCMC - Ras AlKhaima - UAE\Media & Resources","Smilecare\doctor pics\Dr . Mahra Abdullatif Al Shehhi.jpg","Dr . Mahra Abdullatif Al Shehhi.jpg",".jpg","2528478","2.411","D:\7Z-Magic\Projects\SCMC - Ras AlKhaima - UAE\Media & Resources\Smilecare\doctor pics","PEOPLE","A","YES","2026-09-03 08:20:58",""
"D:\7Z-Magic\Projects\SCMC - Ras AlKhaima - UAE\Media & Resources","Smilecare\doctor pics\Dr . Sara Odeh.png","Dr . Sara Odeh.png",".png","1680626","1.603","D:\7Z-Magic\Projects\SCMC - Ras AlKhaima - UAE\Media & Resources\Smilecare\doctor pics","PEOPLE","A","YES","2026-09-03 08:27:30",""
"D:\7Z-Magic\Projects\SCMC - Ras AlKhaima - UAE\Media & Resources","Smilecare\doctor pics\Dr. Asmaa Shehadeh.jpg","Dr. Asmaa Shehadeh.jpg",".jpg","23299511","22.22","D:\7Z-Magic\Projects\SCMC - Ras AlKhaima - UAE\Media & Resources\Smilecare\doctor pics","PEOPLE","A","YES","2026-09-03 08:20:14",""
"D:\7Z-Magic\Projects\SCMC - Ras AlKhaima - UAE\Media & Resources","Smilecare\doctor pics\Dr. Duaa Alqasim.jpg","Dr. Duaa Alqasim.jpg",".jpg","22055760","21.034","D:\7Z-Magic\Projects\SCMC - Ras AlKhaima - UAE\Media & Resources\Smilecare\doctor pics","PEOPLE","A","YES","2026-09-03 08:20:30",""
"D:\7Z-Magic\Projects\SCMC - Ras AlKhaima - UAE\Media & Resources","Smilecare\doctor pics\Dr. Javier Hernandez_.jpg","Dr. Javier Hernandez_.jpg",".jpg","8545686","8.15","D:\7Z-Magic\Projects\SCMC - Ras AlKhaima - UAE\Media & Resources\Smilecare\doctor pics","PEOPLE","A","YES","2026-09-03 08:17:00",""
"D:\7Z-Magic\Projects\SCMC - Ras AlKhaima - UAE\Media & Resources","Smilecare\doctor pics\Dr. Maher Ahmed Khamis.png","Dr. Maher Ahmed Khamis.png",".png","1921311","1.832","D:\7Z-Magic\Projects\SCMC - Ras AlKhaima - UAE\Media & Resources\Smilecare\doctor pics","PEOPLE","A","YES","2026-09-03 08:19:06",""
"D:\7Z-Magic\Projects\SCMC - Ras AlKhaima - UAE\Media & Resources","Smilecare\doctor pics\Dr. Moahmmed Mwafi.png","Dr. Moahmmed Mwafi.png",".png","1730098","1.65","D:\7Z-Magic\Projects\SCMC - Ras AlKhaima - UAE\Media & Resources\Smilecare\doctor pics","PEOPLE","A","YES","2026-09-03 08:20:40",""
"D:\7Z-Magic\Projects\SCMC - Ras AlKhaima - UAE\Media & Resources","Smilecare\doctor pics\Dr. Mohammed AM Alqasem.jpg","Dr. Mohammed AM Alqasem.jpg",".jpg","5965267","5.689","D:\7Z-Magic\Projects\SCMC - Ras AlKhaima - UAE\Media & Resources\Smilecare\doctor pics","PEOPLE","A","YES","2026-09-03 08:21:46",""
"D:\7Z-Magic\Projects\SCMC - Ras AlKhaima - UAE\Media & Resources","Smilecare\doctor pics\Dr. Mohammed Hijazi.jpg","Dr. Mohammed Hijazi.jpg",".jpg","22092837","21.069","D:\7Z-Magic\Projects\SCMC - Ras AlKhaima - UAE\Media & Resources\Smilecare\doctor pics","PEOPLE","A","YES","2026-09-03 08:20:02",""
"D:\7Z-Magic\Projects\SCMC - Ras AlKhaima - UAE\Media & Resources","Smilecare\doctor pics\Dr. Mohammed Taha_.jpg","Dr. Mohammed Taha_.jpg",".jpg","3207775","3.059","D:\7Z-Magic\Projects\SCMC - Ras AlKhaima - UAE\Media & Resources\Smilecare\doctor pics","PEOPLE","A","YES","2026-09-03 08:18:44",""
"D:\7Z-Magic\Projects\SCMC - Ras AlKhaima - UAE\Media & Resources","Smilecare\doctor pics\Dr. Nael Adel.jpg","Dr. Nael Adel.jpg",".jpg","23024746","21.958","D:\7Z-Magic\Projects\SCMC - Ras AlKhaima - UAE\Media & Resources\Smilecare\doctor pics","PEOPLE","A","YES","2026-09-03 08:19:44",""
"D:\7Z-Magic\Projects\SCMC - Ras AlKhaima - UAE\Media & Resources","Smilecare\doctor pics\Dr. Salma Eltahir.png","Dr. Salma Eltahir.png",".png","1917682","1.829","D:\7Z-Magic\Projects\SCMC - Ras AlKhaima - UAE\Media & Resources\Smilecare\doctor pics","PEOPLE","A","YES","2026-09-03 08:21:20",""
"D:\7Z-Magic\Projects\SCMC - Ras AlKhaima - UAE\Media & Resources","Smilecare\doctor pics\Dr. Syed Anwar.jpg","Dr. Syed Anwar.jpg",".jpg","4492468","4.284","D:\7Z-Magic\Projects\SCMC - Ras AlKhaima - UAE\Media & Resources\Smilecare\doctor pics","PEOPLE","A","YES","2026-09-03 08:21:10",""
"D:\7Z-Magic\Projects\SCMC - Ras AlKhaima - UAE\Media & Resources","Smilecare\doctor pics\Dr. Walaa Ibrahim Abo Elyazid.jpg","Dr. Walaa Ibrahim Abo Elyazid.jpg",".jpg","6458701","6.159","D:\7Z-Magic\Projects\SCMC - Ras AlKhaima - UAE\Media & Resources\Smilecare\doctor pics","PEOPLE","A","YES","2026-09-03 08:22:12",""
"D:\7Z-Magic\Projects\SCMC - Ras AlKhaima - UAE\Media & Resources","Smilecare\scmc handbook\Smile_Care_CRM_Onboarding_Deck.pptx","Smile_Care_CRM_Onboarding_Deck.pptx",".pptx","170392","0.162","D:\7Z-Magic\Projects\SCMC - Ras AlKhaima - UAE\Media & Resources\Smilecare\scmc handbook","PRESENTATION","C","YES","2026-09-03 08:43:00",""
"D:\7Z-Magic\Projects\SCMC - Ras AlKhaima - UAE\SCMC-7Z-Proposal","assets\brand\7z-logo.png","7z-logo.png",".png","10595","0.01","D:\7Z-Magic\Projects\SCMC - Ras AlKhaima - UAE\SCMC-7Z-Proposal\assets\brand","BRAND","A","YES","2026-08-21 16:19:34",""
"D:\7Z-Magic\Projects\SCMC - Ras AlKhaima - UAE\SCMC-7Z-Proposal","assets\brand\7z-mark.png","7z-mark.png",".png","7110","0.007","D:\7Z-Magic\Projects\SCMC - Ras AlKhaima - UAE\SCMC-7Z-Proposal\assets\brand","BRAND","A","YES","2026-08-21 16:19:35",""
"D:\7Z-Magic\Projects\SCMC - Ras AlKhaima - UAE\SCMC-7Z-Proposal","assets\brand\scmc-lockup-beige.png","scmc-lockup-beige.png",".png","55775","0.053","D:\7Z-Magic\Projects\SCMC - Ras AlKhaima - UAE\SCMC-7Z-Proposal\assets\brand","BRAND","A","YES","2026-08-21 03:18:21",""
"D:\7Z-Magic\Projects\SCMC - Ras AlKhaima - UAE\SCMC-7Z-Proposal","assets\brand\scmc-lockup-emerald.png","scmc-lockup-emerald.png",".png","56415","0.054","D:\7Z-Magic\Projects\SCMC - Ras AlKhaima - UAE\SCMC-7Z-Proposal\assets\brand","BRAND","A","YES","2026-08-21 03:18:21",""
"D:\7Z-Magic\Projects\SCMC - Ras AlKhaima - UAE\SCMC-7Z-Proposal","assets\brand\scmc-mark-emerald.png","scmc-mark-emerald.png",".png","15907","0.015","D:\7Z-Magic\Projects\SCMC - Ras AlKhaima - UAE\SCMC-7Z-Proposal\assets\brand","BRAND","A","YES","2026-08-21 03:18:22",""
"D:\7Z-Magic\Projects\SCMC - Ras AlKhaima - UAE\SCMC-7Z-Proposal","assets\brand\scmc-mark-gold.png","scmc-mark-gold.png",".png","15321","0.015","D:\7Z-Magic\Projects\SCMC - Ras AlKhaima - UAE\SCMC-7Z-Proposal\assets\brand","BRAND","A","YES","2026-08-21 03:18:21",""
"D:\7Z-Magic\Projects\SCMC - Ras AlKhaima - UAE\SCMC-7Z-Proposal","assets\concepts\01-reception.jpg","01-reception.jpg",".jpg","105633","0.101","D:\7Z-Magic\Projects\SCMC - Ras AlKhaima - UAE\SCMC-7Z-Proposal\assets\concepts","MEDICAL_CENTER","A","YES","2026-08-21 03:17:31",""
"D:\7Z-Magic\Projects\SCMC - Ras AlKhaima - UAE\SCMC-7Z-Proposal","assets\concepts\01-reception.png","01-reception.png",".png","6724070","6.413","D:\7Z-Magic\Projects\SCMC - Ras AlKhaima - UAE\SCMC-7Z-Proposal\assets\concepts","MEDICAL_CENTER","A","YES","2026-08-21 03:16:53",""
"D:\7Z-Magic\Projects\SCMC - Ras AlKhaima - UAE\SCMC-7Z-Proposal","assets\concepts\02-exterior.jpg","02-exterior.jpg",".jpg","238041","0.227","D:\7Z-Magic\Projects\SCMC - Ras AlKhaima - UAE\SCMC-7Z-Proposal\assets\concepts","MEDICAL_CENTER","A","YES","2026-08-21 16:39:16",""
"D:\7Z-Magic\Projects\SCMC - Ras AlKhaima - UAE\SCMC-7Z-Proposal","assets\concepts\02-exterior.png","02-exterior.png",".png","7744143","7.385","D:\7Z-Magic\Projects\SCMC - Ras AlKhaima - UAE\SCMC-7Z-Proposal\assets\concepts","MEDICAL_CENTER","A","YES","2026-08-21 16:38:39",""
"D:\7Z-Magic\Projects\SCMC - Ras AlKhaima - UAE\SCMC-7Z-Proposal","assets\concepts\03-lounge.jpg","03-lounge.jpg",".jpg","200288","0.191","D:\7Z-Magic\Projects\SCMC - Ras AlKhaima - UAE\SCMC-7Z-Proposal\assets\concepts","IMAGE","A","YES","2026-08-21 03:17:32",""
"D:\7Z-Magic\Projects\SCMC - Ras AlKhaima - UAE\SCMC-7Z-Proposal","assets\concepts\03-lounge.png","03-lounge.png",".png","6711253","6.4","D:\7Z-Magic\Projects\SCMC - Ras AlKhaima - UAE\SCMC-7Z-Proposal\assets\concepts","IMAGE","A","YES","2026-08-21 03:16:20",""
"D:\7Z-Magic\Projects\SCMC - Ras AlKhaima - UAE\SCMC-7Z-Proposal","assets\concepts\04-treatment.jpg","04-treatment.jpg",".jpg","138178","0.132","D:\7Z-Magic\Projects\SCMC - Ras AlKhaima - UAE\SCMC-7Z-Proposal\assets\concepts","SERVICES","A","YES","2026-08-21 03:17:32",""
"D:\7Z-Magic\Projects\SCMC - Ras AlKhaima - UAE\SCMC-7Z-Proposal","assets\concepts\04-treatment.png","04-treatment.png",".png","8447407","8.056","D:\7Z-Magic\Projects\SCMC - Ras AlKhaima - UAE\SCMC-7Z-Proposal\assets\concepts","SERVICES","A","YES","2026-08-21 03:17:30",""
"D:\7Z-Magic\Projects\SCMC - Ras AlKhaima - UAE\SCMC-7Z-Proposal","assets\concepts\05-collateral.jpg","05-collateral.jpg",".jpg","372149","0.355","D:\7Z-Magic\Projects\SCMC - Ras AlKhaima - UAE\SCMC-7Z-Proposal\assets\concepts","IMAGE","A","YES","2026-08-21 03:17:32",""
"D:\7Z-Magic\Projects\SCMC - Ras AlKhaima - UAE\SCMC-7Z-Proposal","assets\concepts\05-collateral.png","05-collateral.png",".png","10360724","9.881","D:\7Z-Magic\Projects\SCMC - Ras AlKhaima - UAE\SCMC-7Z-Proposal\assets\concepts","IMAGE","A","YES","2026-08-21 03:16:33",""
"D:\7Z-Magic\Projects\SCMC - Ras AlKhaima - UAE\SCMC-7Z-Proposal","assets\concepts\06-digital.jpg","06-digital.jpg",".jpg","108052","0.103","D:\7Z-Magic\Projects\SCMC - Ras AlKhaima - UAE\SCMC-7Z-Proposal\assets\concepts","IMAGE","A","YES","2026-08-21 03:17:32",""
"D:\7Z-Magic\Projects\SCMC - Ras AlKhaima - UAE\SCMC-7Z-Proposal","assets\concepts\06-digital.png","06-digital.png",".png","6018215","5.739","D:\7Z-Magic\Projects\SCMC - Ras AlKhaima - UAE\SCMC-7Z-Proposal\assets\concepts","IMAGE","A","YES","2026-08-21 03:16:11",""
"D:\7Z-Magic\Projects\SCMC - Ras AlKhaima - UAE\SCMC-7Z-Proposal","assets\photos\cur-corridor.jpg","cur-corridor.jpg",".jpg","167159","0.159","D:\7Z-Magic\Projects\SCMC - Ras AlKhaima - UAE\SCMC-7Z-Proposal\assets\photos","IMAGE","A","YES","2026-08-21 03:19:03",""
"D:\7Z-Magic\Projects\SCMC - Ras AlKhaima - UAE\SCMC-7Z-Proposal","assets\photos\cur-kidszone.jpg","cur-kidszone.jpg",".jpg","163676","0.156","D:\7Z-Magic\Projects\SCMC - Ras AlKhaima - UAE\SCMC-7Z-Proposal\assets\photos","IMAGE","A","YES","2026-08-21 03:19:02",""
"D:\7Z-Magic\Projects\SCMC - Ras AlKhaima - UAE\SCMC-7Z-Proposal","assets\photos\cur-lobby.jpg","cur-lobby.jpg",".jpg","184258","0.176","D:\7Z-Magic\Projects\SCMC - Ras AlKhaima - UAE\SCMC-7Z-Proposal\assets\photos","IMAGE","A","YES","2026-08-21 03:19:02",""
"D:\7Z-Magic\Projects\SCMC - Ras AlKhaima - UAE\SCMC-7Z-Proposal","assets\photos\cur-signage.jpg","cur-signage.jpg",".jpg","135165","0.129","D:\7Z-Magic\Projects\SCMC - Ras AlKhaima - UAE\SCMC-7Z-Proposal\assets\photos","IMAGE","A","YES","2026-08-21 03:19:03",""
"D:\7Z-Magic\Projects\SCMC - Ras AlKhaima - UAE\SCMC-7Z-Proposal","assets\photos\cur-treatment.jpg","cur-treatment.jpg",".jpg","122533","0.117","D:\7Z-Magic\Projects\SCMC - Ras AlKhaima - UAE\SCMC-7Z-Proposal\assets\photos","SERVICES","A","YES","2026-08-21 03:19:02",""
"D:\7Z-Magic\Projects\SCMC - Ras AlKhaima - UAE\SCMC-7Z-Proposal","internal\INTERNAL-Offer-Brief-SCMC.md","INTERNAL-Offer-Brief-SCMC.md",".md","21416","0.02","D:\7Z-Magic\Projects\SCMC - Ras AlKhaima - UAE\SCMC-7Z-Proposal\internal","OTHER","A","YES","2026-08-21 16:48:00",""
"D:\7Z-Magic\Projects\SCMC - Ras AlKhaima - UAE\SCMC-7Z-Proposal","qa-screenshots\01-cover-en-dark.png","01-cover-en-dark.png",".png","369344","0.352","D:\7Z-Magic\Projects\SCMC - Ras AlKhaima - UAE\SCMC-7Z-Proposal\qa-screenshots","IMAGE","X","NO","2026-08-21 16:54:13",""
"D:\7Z-Magic\Projects\SCMC - Ras AlKhaima - UAE\SCMC-7Z-Proposal","qa-screenshots\02-cover-ar-dark.png","02-cover-ar-dark.png",".png","332575","0.317","D:\7Z-Magic\Projects\SCMC - Ras AlKhaima - UAE\SCMC-7Z-Proposal\qa-screenshots","IMAGE","X","NO","2026-08-21 16:55:12",""
"D:\7Z-Magic\Projects\SCMC - Ras AlKhaima - UAE\SCMC-7Z-Proposal","qa-screenshots\03-cover-en-light.png","03-cover-en-light.png",".png","357168","0.341","D:\7Z-Magic\Projects\SCMC - Ras AlKhaima - UAE\SCMC-7Z-Proposal\qa-screenshots","IMAGE","X","NO","2026-08-21 16:55:51",""
"D:\7Z-Magic\Projects\SCMC - Ras AlKhaima - UAE\SCMC-7Z-Proposal","qa-screenshots\04-understanding.png","04-understanding.png",".png","205129","0.196","D:\7Z-Magic\Projects\SCMC - Ras AlKhaima - UAE\SCMC-7Z-Proposal\qa-screenshots","IMAGE","X","NO","2026-08-21 16:57:07",""
"D:\7Z-Magic\Projects\SCMC - Ras AlKhaima - UAE\SCMC-7Z-Proposal","qa-screenshots\05-films-format.png","05-films-format.png",".png","276030","0.263","D:\7Z-Magic\Projects\SCMC - Ras AlKhaima - UAE\SCMC-7Z-Proposal\qa-screenshots","IMAGE","X","NO","2026-08-21 16:57:51",""
"D:\7Z-Magic\Projects\SCMC - Ras AlKhaima - UAE\SCMC-7Z-Proposal","qa-screenshots\06-films-format-ar.png","06-films-format-ar.png",".png","167908","0.16","D:\7Z-Magic\Projects\SCMC - Ras AlKhaima - UAE\SCMC-7Z-Proposal\qa-screenshots","IMAGE","X","NO","2026-08-21 16:57:55",""
"D:\7Z-Magic\Projects\SCMC - Ras AlKhaima - UAE\SCMC-7Z-Proposal","qa-screenshots\07-gallery-focus.png","07-gallery-focus.png",".png","700551","0.668","D:\7Z-Magic\Projects\SCMC - Ras AlKhaima - UAE\SCMC-7Z-Proposal\qa-screenshots","IMAGE","X","NO","2026-08-21 16:58:07",""
"D:\7Z-Magic\Projects\SCMC - Ras AlKhaima - UAE\SCMC-7Z-Proposal","qa-screenshots\08-investment.png","08-investment.png",".png","186793","0.178","D:\7Z-Magic\Projects\SCMC - Ras AlKhaima - UAE\SCMC-7Z-Proposal\qa-screenshots","IMAGE","X","NO","2026-08-21 16:58:10",""
"D:\7Z-Magic\Projects\SCMC - Ras AlKhaima - UAE\SCMC-7Z-Proposal","qa-screenshots\09-investment-ar.png","09-investment-ar.png",".png","128200","0.122","D:\7Z-Magic\Projects\SCMC - Ras AlKhaima - UAE\SCMC-7Z-Proposal\qa-screenshots","IMAGE","X","NO","2026-08-21 16:58:13",""
"D:\7Z-Magic\Projects\SCMC - Ras AlKhaima - UAE\SCMC-7Z-Proposal","qa-screenshots\10-investment-light.png","10-investment-light.png",".png","188715","0.18","D:\7Z-Magic\Projects\SCMC - Ras AlKhaima - UAE\SCMC-7Z-Proposal\qa-screenshots","IMAGE","X","NO","2026-08-21 16:58:15",""
"D:\7Z-Magic\Projects\SCMC - Ras AlKhaima - UAE\SCMC-7Z-Proposal","qa-screenshots\11-scope.png","11-scope.png",".png","209568","0.2","D:\7Z-Magic\Projects\SCMC - Ras AlKhaima - UAE\SCMC-7Z-Proposal\qa-screenshots","IMAGE","X","NO","2026-08-21 16:58:16",""
"D:\7Z-Magic\Projects\SCMC - Ras AlKhaima - UAE\SCMC-7Z-Proposal","qa-screenshots\12-cta.png","12-cta.png",".png","102803","0.098","D:\7Z-Magic\Projects\SCMC - Ras AlKhaima - UAE\SCMC-7Z-Proposal\qa-screenshots","IMAGE","X","NO","2026-08-21 16:58:34",""
"D:\7Z-Magic\Projects\SCMC - Ras AlKhaima - UAE\SCMC-7Z-Proposal","qa-screenshots\13-mobile-films.png","13-mobile-films.png",".png","62816","0.06","D:\7Z-Magic\Projects\SCMC - Ras AlKhaima - UAE\SCMC-7Z-Proposal\qa-screenshots","IMAGE","X","NO","2026-08-21 16:51:42",""
"D:\7Z-Magic\Projects\SCMC - Ras AlKhaima - UAE\SCMC-7Z-Proposal","qa-screenshots\13-mobile-films-en.png","13-mobile-films-en.png",".png","112944","0.108","D:\7Z-Magic\Projects\SCMC - Ras AlKhaima - UAE\SCMC-7Z-Proposal\qa-screenshots","IMAGE","X","NO","2026-08-21 16:58:36",""
"D:\7Z-Magic\Projects\SCMC - Ras AlKhaima - UAE\SCMC-7Z-Proposal","qa-screenshots\14-mobile-films-ar.png","14-mobile-films-ar.png",".png","65233","0.062","D:\7Z-Magic\Projects\SCMC - Ras AlKhaima - UAE\SCMC-7Z-Proposal\qa-screenshots","IMAGE","X","NO","2026-08-21 16:58:38",""
"D:\7Z-Magic\Projects\SCMC - Ras AlKhaima - UAE\SCMC-7Z-Proposal","qa-screenshots\14-mobile-invest-ar.png","14-mobile-invest-ar.png",".png","56982","0.054","D:\7Z-Magic\Projects\SCMC - Ras AlKhaima - UAE\SCMC-7Z-Proposal\qa-screenshots","IMAGE","X","NO","2026-08-21 16:51:59",""
"D:\7Z-Magic\Projects\SCMC - Ras AlKhaima - UAE\SCMC-7Z-Proposal","qa-screenshots\15-tablet-concepts.png","15-tablet-concepts.png",".png","714160","0.681","D:\7Z-Magic\Projects\SCMC - Ras AlKhaima - UAE\SCMC-7Z-Proposal\qa-screenshots","IMAGE","X","NO","2026-08-21 16:58:39",""
"D:\7Z-Magic\Projects\SCMC - Ras AlKhaima - UAE\SCMC-7Z-Proposal","SCMC-7Z-Proposal.html","SCMC-7Z-Proposal.html",".html","110286","0.105","D:\7Z-Magic\Projects\SCMC - Ras AlKhaima - UAE\SCMC-7Z-Proposal","DOCUMENT","A","YES","2026-08-21 16:53:20",""
"D:\7Z-Magic\Projects\SCMC - Ras AlKhaima - UAE\SCMC-7Z-Proposal","SCMC-7Z-Proposal-AR.pdf","SCMC-7Z-Proposal-AR.pdf",".pdf","1983329","1.891","D:\7Z-Magic\Projects\SCMC - Ras AlKhaima - UAE\SCMC-7Z-Proposal","DOCUMENT","A","YES","2026-08-21 16:59:42",""
"D:\7Z-Magic\Projects\SCMC - Ras AlKhaima - UAE\SCMC-7Z-Proposal","SCMC-7Z-Proposal-EN.pdf","SCMC-7Z-Proposal-EN.pdf",".pdf","2394492","2.284","D:\7Z-Magic\Projects\SCMC - Ras AlKhaima - UAE\SCMC-7Z-Proposal","DOCUMENT","A","YES","2026-08-21 16:59:18",""
